OrderID,OrderDate,Product,Category,Region,SalesRep,Quantity,UnitPrice,Discount_%,Revenue
1000,2024-11-23,Mobile,Electronics,North,Anjali Rao,5,17081.61,0,85408.05
1001,2024-02-22,Mobile,Electronics,West,Amit Sharma,1,16537.3,0,16537.3
1002,2024-09-15,Laptop,Electronics,South,Anjali Rao,11,57214.57,5,597892.31
1003,2024-04-22,Monitor,Electronics,East,Amit Sharma,13,12733.97,15,140710.33
1004,2024-08-04,Camera,Electronics,East,Priya Singh,4,38200.49,0,152801.97
1005,2024-02-22,Mobile,Electronics,West,Amit Sharma,6,19250.98,10,103955.29
1006,2024-05-15,Laptop,Electronics,West,Karan Mehta,2,60204.27,5,114388.12
1007,2024-02-10,Smartwatch,Accessories,East,Karan Mehta,4,6245.49,0,24981.94
1008,2024-12-04,Headphones,Accessories,East,Amit Sharma,14,2366.4,0,33129.54
1009,2024-07-13,Smartwatch,Accessories,West,Anjali Rao,14,5837.8,0,81729.18
1010,2024-06-30,Headphones,Accessories,East,Anjali Rao,15,2591.77,0,38876.61
1011,2024-11-07,Tablet,Electronics,South,Priya Singh,8,21469.6,15,145993.31
1012,2024-12-18,Headphones,Accessories,East,Amit Sharma,4,2660.9,0,10643.61
1013,2024-07-24,Smartwatch,Accessories,North,Priya Singh,15,6531.49,15,83276.52
1014,2024-06-10,Headphones,Accessories,West,Sneha Gupta,15,2707.27,5,38578.65
1015,2024-03-14,Smartwatch,Accessories,South,Priya Singh,12,6073.64,0,72883.7
1016,2024-10-26,Speaker,Accessories,West,Rohit Verma,4,3298.4,0,13193.58
1017,2024-09-17,Monitor,Electronics,North,Amit Sharma,14,11063.16,15,131651.58
1018,2024-03-22,Speaker,Accessories,North,Sneha Gupta,7,3057.53,5,20332.59
1019,2024-09-27,Smartwatch,Accessories,North,Anjali Rao,12,5537.46,10,59804.59
1020,2024-05-16,Camera,Electronics,North,Rohit Verma,7,32607.1,0,228249.73
1021,2024-05-14,Tablet,Electronics,North,Anjali Rao,5,23503.35,10,105765.05
1022,2024-11-07,Headphones,Accessories,South,Rohit Verma,13,2330.77,10,27270.06
1023,2024-01-01,Camera,Electronics,West,Amit Sharma,2,38003.69,0,76007.38
1024,2024-05-02,Laptop,Electronics,South,Karan Mehta,2,50442.19,5,95840.16
1025,2024-02-05,Tablet,Electronics,South,Anjali Rao,8,23966.13,0,191729.07
1026,2024-05-15,Speaker,Accessories,South,Karan Mehta,13,3137.96,0,40793.46
1027,2024-12-31,Smartwatch,Accessories,West,Anjali Rao,11,5848.1,10,57896.24
1028,2024-08-19,Mobile,Electronics,South,Priya Singh,2,17417.11,10,31350.79
1029,2024-10-10,Headphones,Accessories,South,Amit Sharma,2,2603.92,0,5207.84
1030,2024-04-27,Mobile,Electronics,North,Rohit Verma,2,18050.96,0,36101.92
1031,2024-12-08,Monitor,Electronics,South,Karan Mehta,3,12536.05,10,33847.32
1032,2024-10-22,Monitor,Electronics,South,Sneha Gupta,13,11776.94,0,153100.27
1033,2024-02-19,Speaker,Accessories,East,Sneha Gupta,7,2980.21,15,17732.28
1034,2024-01-28,Mobile,Electronics,North,Sneha Gupta,12,17421.49,0,209057.87
1035,2024-05-07,Headphones,Accessories,South,Karan Mehta,8,2320.09,0,18560.73
1036,2024-05-22,Monitor,Electronics,South,Amit Sharma,8,12739.25,10,91722.62
1037,2024-02-20,Laptop,Electronics,North,Amit Sharma,15,57789.22,0,866838.31
1038,2024-03-26,Speaker,Accessories,West,Sneha Gupta,4,3218.79,0,12875.16
1039,2024-03-25,Speaker,Accessories,North,Sneha Gupta,5,3255.91,5,15465.58
1040,2024-05-26,Speaker,Accessories,West,Priya Singh,4,2878.02,0,11512.1
1041,2024-10-23,Laptop,Electronics,East,Amit Sharma,1,55925.95,10,50333.36
1042,2024-09-28,Tablet,Electronics,North,Karan Mehta,2,23545.91,0,47091.81
1043,2024-10-31,Mobile,Electronics,South,Sneha Gupta,2,19589.75,10,35261.54
1044,2024-05-06,Laptop,Electronics,North,Sneha Gupta,11,55920.4,10,553611.91
1045,2024-06-10,Smartwatch,Accessories,South,Anjali Rao,12,5777.02,0,69324.25
1046,2024-07-21,Tablet,Electronics,East,Sneha Gupta,6,23887.68,0,143326.08
1047,2024-01-05,Monitor,Electronics,North,Amit Sharma,9,11311.57,0,101804.13
1048,2024-03-08,Camera,Electronics,North,Priya Singh,6,33494.91,5,190921.0
1049,2024-10-05,Smartwatch,Accessories,North,Anjali Rao,14,6065.52,15,72179.72
1050,2024-02-23,Tablet,Electronics,East,Amit Sharma,15,20270.96,10,273657.94
1051,2024-03-20,Smartwatch,Accessories,East,Karan Mehta,4,6261.13,0,25044.54
1052,2024-12-17,Smartwatch,Accessories,West,Rohit Verma,15,6489.79,0,97346.86
1053,2024-02-17,Speaker,Accessories,East,Amit Sharma,1,2900.13,0,2900.13
1054,2024-11-22,Smartwatch,Accessories,South,Anjali Rao,8,6062.02,5,46071.33
1055,2024-10-14,Laptop,Electronics,North,Amit Sharma,15,57101.22,0,856518.24
1056,2024-10-06,Laptop,Electronics,East,Karan Mehta,9,51129.03,0,460161.28
1057,2024-01-22,Smartwatch,Accessories,East,Amit Sharma,15,5829.37,15,74324.48
1058,2024-05-07,Mobile,Electronics,East,Karan Mehta,15,19348.97,10,261211.04
1059,2024-03-20,Headphones,Accessories,South,Priya Singh,15,2456.15,0,36842.21
1060,2024-06-19,Speaker,Accessories,South,Rohit Verma,3,3172.42,0,9517.27
1061,2024-07-14,Laptop,Electronics,West,Priya Singh,4,58482.45,5,222233.32
1062,2024-06-28,Smartwatch,Accessories,South,Priya Singh,1,6192.04,5,5882.44
1063,2024-06-17,Smartwatch,Accessories,North,Rohit Verma,6,6169.78,5,35167.74
1064,2024-12-13,Camera,Electronics,North,Amit Sharma,15,38292.8,0,574392.06
1065,2024-10-24,Smartwatch,Accessories,North,Amit Sharma,10,5921.48,15,50332.55
1066,2024-06-09,Speaker,Accessories,North,Sneha Gupta,15,3045.95,0,45689.29
1067,2024-01-23,Speaker,Accessories,North,Karan Mehta,15,3183.91,15,40594.81
1068,2024-12-09,Headphones,Accessories,East,Sneha Gupta,2,2724.44,0,5448.87
1069,2024-11-15,Camera,Electronics,North,Anjali Rao,15,33602.26,0,504033.84
1070,2024-12-07,Speaker,Accessories,East,Sneha Gupta,12,2877.39,0,34528.72
1071,2024-04-08,Speaker,Accessories,West,Anjali Rao,12,3241.68,10,35010.18
1072,2024-10-18,Smartwatch,Accessories,West,Karan Mehta,14,5400.49,0,75606.82
1073,2024-04-17,Speaker,Accessories,East,Sneha Gupta,8,2965.3,0,23722.37
1074,2024-09-18,Monitor,Electronics,South,Anjali Rao,2,11481.09,15,19517.85
1075,2024-11-20,Camera,Electronics,North,Priya Singh,11,33672.94,0,370402.3
1076,2024-03-16,Laptop,Electronics,North,Priya Singh,8,56224.01,0,449792.11
1077,2024-08-21,Speaker,Accessories,South,Anjali Rao,12,2930.39,5,33406.41
1078,2024-05-04,Tablet,Electronics,North,Amit Sharma,13,21670.64,0,281718.36
1079,2024-12-22,Monitor,Electronics,North,Karan Mehta,4,13001.93,0,52007.71
1080,2024-08-21,Tablet,Electronics,West,Anjali Rao,9,24146.73,10,195588.49
1081,2024-06-11,Monitor,Electronics,West,Karan Mehta,8,12953.3,15,88082.44
1082,2024-08-31,Monitor,Electronics,East,Priya Singh,14,12330.39,10,155362.88
1083,2024-09-05,Headphones,Accessories,East,Sneha Gupta,2,2606.77,0,5213.54
1084,2024-05-19,Camera,Electronics,East,Karan Mehta,2,32468.62,0,64937.24
1085,2024-07-15,Tablet,Electronics,South,Amit Sharma,7,21593.44,10,136038.65
1086,2024-08-26,Speaker,Accessories,North,Priya Singh,14,2952.09,10,37196.28
1087,2024-12-22,Laptop,Electronics,West,Sneha Gupta,1,59870.16,0,59870.16
1088,2024-07-18,Speaker,Accessories,South,Sneha Gupta,4,2863.76,5,10882.29
1089,2024-01-15,Speaker,Accessories,East,Anjali Rao,11,3178.89,15,29722.58
1090,2024-03-25,Monitor,Electronics,South,Karan Mehta,9,10864.72,5,92893.35
1091,2024-10-30,Laptop,Electronics,North,Anjali Rao,7,50992.69,5,339101.42
1092,2024-04-03,Laptop,Electronics,East,Sneha Gupta,6,51828.26,0,310969.58
1093,2024-06-21,Speaker,Accessories,East,Sneha Gupta,5,3200.95,5,15204.5
1094,2024-01-10,Laptop,Electronics,East,Priya Singh,11,50254.8,15,469882.4
1095,2024-01-21,Laptop,Electronics,South,Priya Singh,14,49724.18,0,696138.52
1096,2024-05-02,Tablet,Electronics,West,Anjali Rao,2,22281.47,0,44562.93
1097,2024-08-26,Smartwatch,Accessories,East,Priya Singh,10,6128.7,15,52093.92
1098,2024-02-28,Tablet,Electronics,East,Amit Sharma,10,19912.99,0,199129.85
1099,2024-10-21,Speaker,Accessories,West,Anjali Rao,4,2745.6,15,9335.03
1100,2024-11-17,Headphones,Accessories,North,Anjali Rao,13,2400.79,15,26528.74
1101,2024-11-03,Mobile,Electronics,North,Rohit Verma,9,17742.16,0,159679.45
1102,2024-02-05,Camera,Electronics,North,Sneha Gupta,14,34931.41,5,464587.78
1103,2024-07-04,Monitor,Electronics,South,Sneha Gupta,3,12561.11,15,32030.83
1104,2024-05-18,Monitor,Electronics,West,Sneha Gupta,14,12554.46,0,175762.48
1105,2024-06-14,Headphones,Accessories,North,Rohit Verma,15,2475.4,5,35274.46
1106,2024-10-18,Speaker,Accessories,East,Amit Sharma,8,3210.57,0,25684.57
1107,2024-09-06,Headphones,Accessories,East,Rohit Verma,6,2389.83,10,12905.08
1108,2024-12-25,Smartwatch,Accessories,North,Karan Mehta,4,5502.74,15,18709.3
1109,2024-07-27,Monitor,Electronics,South,Anjali Rao,8,12350.17,5,93861.27
1110,2024-08-17,Laptop,Electronics,North,Rohit Verma,4,53948.41,0,215793.65
1111,2024-06-05,Camera,Electronics,West,Karan Mehta,9,33906.3,15,259383.21
1112,2024-10-08,Camera,Electronics,East,Anjali Rao,8,33396.41,0,267171.32
1113,2024-04-28,Mobile,Electronics,South,Rohit Verma,2,18874.37,15,32086.43
1114,2024-04-04,Headphones,Accessories,South,Anjali Rao,8,2388.25,10,17195.4
1115,2024-09-25,Smartwatch,Accessories,North,Priya Singh,5,5672.98,0,28364.9
1116,2024-06-03,Laptop,Electronics,South,Rohit Verma,1,60217.24,10,54195.52
1117,2024-05-29,Tablet,Electronics,West,Amit Sharma,14,19853.97,0,277955.55
1118,2024-08-28,Monitor,Electronics,West,Rohit Verma,3,13117.19,0,39351.58
1119,2024-09-01,Mobile,Electronics,North,Sneha Gupta,8,16466.7,15,111973.53
1120,2024-12-17,Laptop,Electronics,South,Priya Singh,13,55691.24,0,723986.06
1121,2024-02-13,Headphones,Accessories,North,Karan Mehta,13,2458.09,10,28759.62
1122,2024-11-12,Headphones,Accessories,West,Sneha Gupta,15,2471.36,10,33363.37
1123,2024-08-07,Smartwatch,Accessories,North,Karan Mehta,12,5519.08,0,66228.96
1124,2024-11-16,Headphones,Accessories,East,Anjali Rao,2,2328.53,0,4657.06
1125,2024-10-09,Mobile,Electronics,South,Amit Sharma,7,17821.81,10,112277.42
1126,2024-08-28,Smartwatch,Accessories,North,Priya Singh,5,6248.35,15,26555.47
1127,2024-08-20,Mobile,Electronics,South,Rohit Verma,13,19048.49,10,222867.36
1128,2024-12-04,Headphones,Accessories,West,Amit Sharma,9,2362.4,0,21261.64
1129,2024-05-16,Tablet,Electronics,North,Amit Sharma,3,23287.57,10,62876.43
1130,2024-10-18,Smartwatch,Accessories,West,Amit Sharma,8,6226.41,15,42339.61
1131,2024-07-25,Smartwatch,Accessories,West,Sneha Gupta,2,6117.64,5,11623.52
1132,2024-06-14,Smartwatch,Accessories,North,Amit Sharma,4,6554.29,10,23595.46
1133,2024-10-27,Laptop,Electronics,East,Karan Mehta,1,57894.2,0,57894.2
1134,2024-08-28,Monitor,Electronics,East,Priya Singh,10,11846.12,5,112538.18
1135,2024-02-16,Monitor,Electronics,East,Sneha Gupta,6,11570.54,0,69423.24
1136,2024-03-23,Camera,Electronics,West,Anjali Rao,8,33517.52,5,254733.19
1137,2024-10-08,Laptop,Electronics,West,Amit Sharma,6,52276.39,0,313658.32
1138,2024-07-25,Laptop,Electronics,West,Sneha Gupta,1,51563.41,0,51563.41
1139,2024-11-14,Monitor,Electronics,West,Amit Sharma,4,11440.93,0,45763.74
1140,2024-05-27,Monitor,Electronics,West,Amit Sharma,1,13135.55,10,11822.0
1141,2024-05-02,Tablet,Electronics,East,Karan Mehta,1,22229.91,0,22229.91
1142,2024-04-25,Mobile,Electronics,West,Amit Sharma,11,19195.72,5,200595.23
1143,2024-05-29,Smartwatch,Accessories,West,Sneha Gupta,8,5692.48,10,40985.84
1144,2024-03-15,Speaker,Accessories,South,Karan Mehta,9,3147.78,0,28329.98
1145,2024-02-05,Smartwatch,Accessories,West,Rohit Verma,15,6345.26,0,95178.91
1146,2024-01-02,Smartwatch,Accessories,East,Karan Mehta,10,6598.68,5,62687.49
1147,2024-03-17,Monitor,Electronics,West,Rohit Verma,6,12124.6,10,65472.85
1148,2024-07-12,Monitor,Electronics,East,Priya Singh,12,11373.13,5,129653.72
1149,2024-04-29,Speaker,Accessories,North,Rohit Verma,12,2983.79,5,34015.16
1150,2024-07-16,Tablet,Electronics,West,Amit Sharma,3,22010.08,10,59427.22
1151,2024-06-18,Mobile,Electronics,West,Amit Sharma,9,19477.59,0,175298.31
1152,2024-03-14,Speaker,Accessories,South,Amit Sharma,8,3168.92,0,25351.32
1153,2024-06-22,Speaker,Accessories,North,Rohit Verma,14,3104.61,10,39118.14
1154,2024-07-13,Camera,Electronics,West,Karan Mehta,1,35822.22,0,35822.22
1155,2024-11-19,Smartwatch,Accessories,South,Anjali Rao,2,5920.77,0,11841.53
1156,2024-11-20,Mobile,Electronics,West,Priya Singh,12,17278.08,0,207336.93
1157,2024-01-24,Camera,Electronics,North,Rohit Verma,6,34123.89,0,204743.33
1158,2024-05-05,Speaker,Accessories,South,Priya Singh,3,2747.38,5,7830.04
1159,2024-11-13,Headphones,Accessories,West,Karan Mehta,3,2366.09,15,6033.54
1160,2024-05-10,Monitor,Electronics,East,Anjali Rao,1,12957.38,5,12309.51
1161,2024-05-27,Tablet,Electronics,North,Sneha Gupta,6,24145.67,0,144874.0
1162,2024-11-23,Speaker,Accessories,East,Sneha Gupta,14,2881.27,5,38320.93
1163,2024-09-04,Mobile,Electronics,South,Sneha Gupta,10,17492.25,0,174922.53
1164,2024-12-24,Smartwatch,Accessories,North,Anjali Rao,7,5729.38,10,36095.07
1165,2024-12-17,Laptop,Electronics,West,Rohit Verma,13,58287.46,10,681963.3
1166,2024-06-29,Headphones,Accessories,South,Karan Mehta,5,2588.88,15,11002.75
1167,2024-12-03,Tablet,Electronics,North,Anjali Rao,11,19973.46,5,208722.65
1168,2024-01-18,Camera,Electronics,South,Amit Sharma,15,33565.77,15,427963.61
1169,2024-07-31,Tablet,Electronics,South,Priya Singh,13,22173.39,0,288254.12
1170,2024-09-28,Smartwatch,Accessories,South,Rohit Verma,15,6389.63,5,91052.2
1171,2024-05-31,Camera,Electronics,North,Sneha Gupta,2,32485.3,0,64970.6
1172,2024-12-12,Speaker,Accessories,East,Amit Sharma,13,2936.74,0,38177.68
1173,2024-10-01,Mobile,Electronics,West,Rohit Verma,11,18896.44,0,207860.86
1174,2024-10-26,Speaker,Accessories,East,Amit Sharma,11,2840.29,0,31243.22
1175,2024-11-13,Camera,Electronics,South,Anjali Rao,2,35947.83,5,68300.87
1176,2024-12-24,Smartwatch,Accessories,West,Amit Sharma,3,5454.42,0,16363.25
1177,2024-06-04,Monitor,Electronics,North,Amit Sharma,4,12929.42,0,51717.69
1178,2024-07-17,Monitor,Electronics,East,Anjali Rao,12,12471.56,10,134692.87
1179,2024-08-02,Tablet,Electronics,West,Anjali Rao,2,23468.25,10,42242.85
1180,2024-07-27,Smartwatch,Accessories,North,Anjali Rao,6,5660.72,5,32266.12
1181,2024-04-30,Camera,Electronics,North,Anjali Rao,6,35311.26,15,180087.43
1182,2024-07-02,Laptop,Electronics,West,Rohit Verma,4,60150.28,5,228571.05
1183,2024-02-16,Headphones,Accessories,North,Amit Sharma,13,2416.75,0,31417.81
1184,2024-10-16,Headphones,Accessories,North,Karan Mehta,4,2543.19,0,10172.77
1185,2024-06-17,Tablet,Electronics,North,Rohit Verma,14,24129.72,0,337816.13
1186,2024-10-03,Smartwatch,Accessories,South,Amit Sharma,11,6439.74,0,70837.11
1187,2024-01-08,Camera,Electronics,South,Karan Mehta,6,31610.47,0,189662.81
1188,2024-01-27,Tablet,Electronics,West,Karan Mehta,2,23080.93,5,43853.76
1189,2024-08-17,Camera,Electronics,North,Sneha Gupta,9,33050.85,10,267711.87
1190,2024-01-23,Smartwatch,Accessories,West,Anjali Rao,1,5472.99,5,5199.34
1191,2024-07-24,Speaker,Accessories,North,Sneha Gupta,12,3245.82,0,38949.85
1192,2024-02-11,Camera,Electronics,South,Amit Sharma,3,33425.11,15,85234.04
1193,2024-10-26,Camera,Electronics,West,Karan Mehta,9,33564.28,10,271870.7
1194,2024-11-05,Speaker,Accessories,North,Anjali Rao,2,3211.68,15,5459.85
1195,2024-10-09,Headphones,Accessories,West,Sneha Gupta,15,2364.25,0,35463.7
1196,2024-08-20,Speaker,Accessories,West,Anjali Rao,2,2887.53,0,5775.06
1197,2024-12-06,Smartwatch,Accessories,East,Priya Singh,11,6507.58,0,71583.4
1198,2024-02-16,Mobile,Electronics,North,Sneha Gupta,2,18880.52,0,37761.04
1199,2024-03-07,Laptop,Electronics,East,Anjali Rao,2,54018.89,15,91832.12
1200,2024-08-04,Laptop,Electronics,East,Karan Mehta,5,53368.11,10,240156.49
1201,2024-09-16,Headphones,Accessories,South,Anjali Rao,8,2362.12,0,18896.98
1202,2024-06-28,Camera,Electronics,North,Rohit Verma,10,33083.11,5,314289.58
1203,2024-10-14,Laptop,Electronics,East,Amit Sharma,3,52505.97,0,157517.92
1204,2024-06-22,Camera,Electronics,North,Priya Singh,14,32502.76,15,386782.85
1205,2024-07-24,Mobile,Electronics,South,Anjali Rao,11,19698.52,0,216683.69
1206,2024-09-28,Headphones,Accessories,West,Sneha Gupta,8,2420.45,0,19363.58
1207,2024-06-08,Camera,Electronics,North,Amit Sharma,3,32601.87,10,88025.05
1208,2024-01-26,Mobile,Electronics,East,Sneha Gupta,11,17726.45,10,175491.89
1209,2024-08-14,Speaker,Accessories,East,Priya Singh,13,3007.41,0,39096.3
1210,2024-08-08,Mobile,Electronics,East,Anjali Rao,11,18335.28,10,181519.3
1211,2024-12-07,Smartwatch,Accessories,North,Priya Singh,7,6581.33,0,46069.34
1212,2024-01-04,Headphones,Accessories,East,Priya Singh,13,2318.62,0,30142.03
1213,2024-05-28,Camera,Electronics,North,Amit Sharma,8,36729.1,0,293832.79
1214,2024-03-07,Speaker,Accessories,South,Karan Mehta,9,3200.01,0,28800.11
1215,2024-02-06,Speaker,Accessories,North,Sneha Gupta,1,2975.85,0,2975.85
1216,2024-06-09,Speaker,Accessories,West,Anjali Rao,11,2950.62,0,32456.78
1217,2024-07-26,Laptop,Electronics,East,Priya Singh,13,59923.76,5,740058.4
1218,2024-12-19,Camera,Electronics,North,Sneha Gupta,14,32241.04,5,428805.86
1219,2024-10-28,Speaker,Accessories,North,Sneha Gupta,14,2886.16,0,40406.31
1220,2024-04-23,Camera,Electronics,South,Amit Sharma,9,35932.57,10,291053.84
1221,2024-09-18,Headphones,Accessories,East,Rohit Verma,12,2729.11,15,27836.94
1222,2024-03-16,Headphones,Accessories,North,Priya Singh,5,2348.64,10,10568.86
1223,2024-03-19,Mobile,Electronics,South,Anjali Rao,8,17870.23,10,128665.66
1224,2024-10-23,Monitor,Electronics,East,Anjali Rao,6,11162.3,0,66973.79
1225,2024-08-28,Monitor,Electronics,East,Rohit Verma,10,10934.81,10,98413.32
1226,2024-02-07,Smartwatch,Accessories,West,Sneha Gupta,1,5468.27,0,5468.27
1227,2024-02-09,Mobile,Electronics,West,Sneha Gupta,10,18195.54,15,154662.08
1228,2024-01-22,Monitor,Electronics,South,Rohit Verma,10,11941.51,0,119415.1
1229,2024-02-01,Monitor,Electronics,North,Rohit Verma,12,11002.39,15,112224.38
1230,2024-03-29,Laptop,Electronics,South,Anjali Rao,8,60400.85,10,434886.09
1231,2024-09-24,Tablet,Electronics,East,Rohit Verma,15,21044.73,5,299887.43
1232,2024-06-22,Laptop,Electronics,East,Amit Sharma,6,50539.57,15,257751.78
1233,2024-07-16,Smartwatch,Accessories,East,Anjali Rao,14,6187.88,10,77967.25
1234,2024-03-17,Camera,Electronics,North,Karan Mehta,11,32490.0,0,357389.99
1235,2024-06-07,Speaker,Accessories,South,Karan Mehta,12,3262.8,0,39153.62
1236,2024-10-13,Speaker,Accessories,East,Priya Singh,11,3121.7,15,29187.88
1237,2024-12-16,Mobile,Electronics,West,Karan Mehta,6,16265.63,0,97593.78
1238,2024-04-02,Headphones,Accessories,East,Sneha Gupta,4,2363.27,0,9453.09
1239,2024-03-20,Mobile,Electronics,East,Amit Sharma,9,18975.15,15,145159.89
1240,2024-09-26,Laptop,Electronics,East,Karan Mehta,3,56069.71,0,168209.13
1241,2024-03-24,Tablet,Electronics,South,Anjali Rao,8,19992.25,0,159937.97
1242,2024-12-12,Headphones,Accessories,West,Karan Mehta,5,2626.2,5,12474.43
1243,2024-04-29,Headphones,Accessories,East,Sneha Gupta,15,2667.56,0,40013.35
1244,2024-12-13,Monitor,Electronics,West,Rohit Verma,13,11716.49,10,137082.98
1245,2024-08-02,Tablet,Electronics,South,Karan Mehta,3,23641.21,0,70923.63
1246,2024-11-24,Monitor,Electronics,East,Karan Mehta,15,11046.22,10,149123.91
1247,2024-03-04,Smartwatch,Accessories,North,Priya Singh,5,5939.18,10,26726.32
1248,2024-03-16,Speaker,Accessories,North,Priya Singh,14,2970.68,0,41589.48
1249,2024-01-14,Speaker,Accessories,North,Sneha Gupta,9,2924.38,5,25003.42
1250,2024-02-11,Camera,Electronics,South,Amit Sharma,6,38015.78,15,193880.48
1251,2024-11-28,Camera,Electronics,South,Priya Singh,1,33508.16,5,31832.75
1252,2024-12-22,Tablet,Electronics,West,Sneha Gupta,10,19823.11,0,198231.05
1253,2024-01-10,Smartwatch,Accessories,South,Priya Singh,9,6528.27,10,52879.0
1254,2024-09-27,Speaker,Accessories,North,Rohit Verma,4,2880.69,0,11522.76
1255,2024-05-02,Speaker,Accessories,West,Amit Sharma,2,3202.01,5,6083.82
1256,2024-11-01,Laptop,Electronics,South,Anjali Rao,3,52703.99,0,158111.98
1257,2024-11-10,Camera,Electronics,South,Karan Mehta,7,32811.2,15,195226.62
1258,2024-02-13,Camera,Electronics,North,Karan Mehta,9,35051.29,10,283915.48
1259,2024-10-10,Laptop,Electronics,West,Sneha Gupta,1,56492.38,0,56492.38
1260,2024-05-09,Laptop,Electronics,East,Amit Sharma,6,52152.39,15,265977.16
1261,2024-11-17,Mobile,Electronics,East,Priya Singh,1,17468.28,0,17468.28
1262,2024-11-25,Tablet,Electronics,West,Anjali Rao,8,22579.64,0,180637.1
1263,2024-02-02,Monitor,Electronics,North,Rohit Verma,4,10905.14,0,43620.54
1264,2024-01-22,Camera,Electronics,East,Karan Mehta,7,38423.86,10,242070.31
1265,2024-08-30,Smartwatch,Accessories,North,Anjali Rao,4,5743.33,0,22973.33
1266,2024-12-01,Camera,Electronics,East,Amit Sharma,13,34076.13,5,420840.26
1267,2024-08-13,Speaker,Accessories,East,Priya Singh,8,3115.24,0,24921.93
1268,2024-09-22,Smartwatch,Accessories,North,Anjali Rao,7,5494.71,10,34616.69
1269,2024-04-02,Smartwatch,Accessories,East,Amit Sharma,2,5793.5,0,11587.01
1270,2024-06-05,Monitor,Electronics,West,Priya Singh,12,11865.38,5,135265.33
1271,2024-01-22,Camera,Electronics,West,Rohit Verma,11,38360.19,0,421962.1
1272,2024-02-08,Speaker,Accessories,East,Karan Mehta,13,3149.94,0,40949.2
1273,2024-01-16,Tablet,Electronics,West,Amit Sharma,3,20095.83,15,51244.36
1274,2024-07-06,Camera,Electronics,West,Karan Mehta,1,35735.66,15,30375.31
1275,2024-08-18,Camera,Electronics,East,Sneha Gupta,13,32038.2,0,416496.57
1276,2024-09-28,Camera,Electronics,West,Rohit Verma,11,33450.83,0,367959.11
1277,2024-01-14,Tablet,Electronics,West,Karan Mehta,7,23819.59,0,166737.11
1278,2024-05-14,Smartwatch,Accessories,West,Priya Singh,10,5742.69,5,54555.58
1279,2024-04-12,Mobile,Electronics,South,Amit Sharma,8,16821.56,15,114386.63
1280,2024-08-15,Mobile,Electronics,East,Anjali Rao,6,18754.35,10,101273.47
1281,2024-10-04,Smartwatch,Accessories,East,Priya Singh,12,6251.48,15,63765.06
1282,2024-11-22,Tablet,Electronics,East,Karan Mehta,4,20333.99,0,81335.98
1283,2024-03-12,Headphones,Accessories,West,Amit Sharma,6,2527.01,0,15162.06
1284,2024-08-27,Tablet,Electronics,North,Amit Sharma,5,21551.9,15,91595.59
1285,2024-09-02,Speaker,Accessories,West,Karan Mehta,2,2775.2,0,5550.39
1286,2024-11-24,Mobile,Electronics,West,Sneha Gupta,11,18062.5,0,198687.46
1287,2024-10-09,Tablet,Electronics,South,Sneha Gupta,9,23807.13,0,214264.21
1288,2024-03-04,Tablet,Electronics,East,Priya Singh,3,21219.71,15,54110.25
1289,2024-04-25,Camera,Electronics,East,Amit Sharma,5,32874.11,10,147933.51
1290,2024-05-20,Tablet,Electronics,East,Karan Mehta,9,20211.08,15,154614.8
1291,2024-03-27,Tablet,Electronics,South,Anjali Rao,10,22970.78,10,206737.06
1292,2024-06-21,Laptop,Electronics,North,Amit Sharma,1,59934.02,10,53940.61
1293,2024-05-15,Headphones,Accessories,West,Karan Mehta,11,2265.14,15,21179.09
1294,2024-10-06,Smartwatch,Accessories,East,Sneha Gupta,4,6365.63,15,21643.13
1295,2024-07-26,Smartwatch,Accessories,West,Amit Sharma,12,5471.9,5,62379.61
1296,2024-07-31,Monitor,Electronics,West,Priya Singh,6,12255.98,0,73535.91
1297,2024-06-12,Camera,Electronics,West,Priya Singh,13,34093.78,10,398897.24
1298,2024-02-24,Camera,Electronics,South,Sneha Gupta,2,33372.3,0,66744.6
1299,2024-03-13,Mobile,Electronics,North,Rohit Verma,7,19310.99,5,128418.08
1300,2024-05-07,Tablet,Electronics,East,Karan Mehta,12,21175.95,0,254111.35
1301,2024-09-12,Monitor,Electronics,West,Rohit Verma,8,10855.62,5,82502.74
1302,2024-09-15,Monitor,Electronics,South,Priya Singh,10,11646.95,0,116469.48
1303,2024-05-24,Monitor,Electronics,West,Rohit Verma,9,10819.63,0,97376.63
1304,2024-08-08,Tablet,Electronics,East,Anjali Rao,6,23160.97,0,138965.82
1305,2024-01-24,Speaker,Accessories,North,Karan Mehta,9,2816.79,10,22816.02
1306,2024-05-27,Mobile,Electronics,West,Karan Mehta,8,18951.85,0,151614.84
1307,2024-11-15,Mobile,Electronics,South,Amit Sharma,7,17543.51,0,122804.6
1308,2024-10-12,Camera,Electronics,South,Priya Singh,10,35063.86,10,315574.72
1309,2024-01-21,Laptop,Electronics,North,Priya Singh,12,53163.45,5,606063.3
1310,2024-09-22,Monitor,Electronics,South,Karan Mehta,15,12037.21,0,180558.21
1311,2024-11-09,Camera,Electronics,South,Sneha Gupta,10,36675.24,0,366752.36
1312,2024-10-30,Camera,Electronics,West,Anjali Rao,10,33598.53,0,335985.34
1313,2024-07-07,Camera,Electronics,North,Sneha Gupta,10,33653.74,15,286056.83
1314,2024-12-18,Laptop,Electronics,West,Rohit Verma,11,58111.94,10,575308.24
1315,2024-10-22,Headphones,Accessories,North,Karan Mehta,8,2335.26,15,15879.74
1316,2024-11-13,Speaker,Accessories,South,Anjali Rao,4,2718.94,15,9244.4
1317,2024-02-26,Headphones,Accessories,North,Sneha Gupta,6,2459.39,5,14018.52
1318,2024-12-19,Headphones,Accessories,West,Karan Mehta,13,2555.74,5,31563.38
1319,2024-02-01,Tablet,Electronics,South,Karan Mehta,6,24191.74,5,137892.92
1320,2024-09-26,Speaker,Accessories,East,Priya Singh,8,3247.27,0,25978.2
1321,2024-10-06,Camera,Electronics,East,Karan Mehta,8,32845.85,0,262766.79
1322,2024-05-22,Smartwatch,Accessories,South,Rohit Verma,13,5746.8,0,74708.46
1323,2024-12-19,Monitor,Electronics,East,Sneha Gupta,6,12145.17,15,61940.37
1324,2024-05-20,Smartwatch,Accessories,North,Karan Mehta,11,6051.83,5,63241.61
1325,2024-06-25,Tablet,Electronics,East,Amit Sharma,5,24003.38,0,120016.9
1326,2024-06-26,Monitor,Electronics,East,Anjali Rao,8,11313.57,10,81457.69
1327,2024-05-18,Smartwatch,Accessories,South,Amit Sharma,10,6289.07,0,62890.69
1328,2024-05-04,Laptop,Electronics,South,Anjali Rao,4,50077.4,5,190294.13
1329,2024-06-18,Monitor,Electronics,North,Anjali Rao,13,11129.92,10,130220.07
1330,2024-03-21,Speaker,Accessories,West,Sneha Gupta,11,2819.67,0,31016.41
1331,2024-06-13,Smartwatch,Accessories,North,Amit Sharma,11,6088.96,10,60280.7
1332,2024-01-20,Tablet,Electronics,West,Priya Singh,15,23846.39,5,339811.1
1333,2024-09-10,Tablet,Electronics,East,Amit Sharma,1,21112.93,10,19001.63
1334,2024-02-24,Camera,Electronics,East,Sneha Gupta,11,35303.1,5,368917.43
1335,2024-03-09,Monitor,Electronics,East,Priya Singh,13,11070.35,0,143914.58
1336,2024-08-22,Smartwatch,Accessories,South,Amit Sharma,12,5804.53,0,69654.42
1337,2024-10-17,Headphones,Accessories,South,Karan Mehta,14,2569.36,5,34172.53
1338,2024-08-06,Camera,Electronics,North,Sneha Gupta,11,32167.7,0,353844.65
1339,2024-09-01,Camera,Electronics,South,Amit Sharma,5,34185.02,5,162378.85
1340,2024-05-16,Camera,Electronics,East,Karan Mehta,12,35510.14,0,426121.7
1341,2024-11-30,Camera,Electronics,South,Amit Sharma,11,32327.57,0,355603.31
1342,2024-03-22,Speaker,Accessories,East,Anjali Rao,2,3083.23,0,6166.45
1343,2024-07-07,Headphones,Accessories,South,Priya Singh,8,2326.59,15,15820.83
1344,2024-11-06,Camera,Electronics,West,Anjali Rao,9,37889.58,10,306905.58
1345,2024-12-06,Headphones,Accessories,South,Anjali Rao,13,2547.91,0,33122.79
1346,2024-09-26,Monitor,Electronics,East,Amit Sharma,15,12154.0,0,182310.07
1347,2024-10-07,Headphones,Accessories,South,Priya Singh,6,2677.24,5,15260.29
1348,2024-02-29,Headphones,Accessories,West,Amit Sharma,15,2505.19,0,37577.82
1349,2024-08-20,Tablet,Electronics,West,Sneha Gupta,10,20054.04,5,190513.4
1350,2024-12-10,Smartwatch,Accessories,North,Sneha Gupta,5,6379.74,15,27113.91
1351,2024-04-21,Mobile,Electronics,North,Sneha Gupta,6,18721.39,10,101095.48
1352,2024-01-31,Mobile,Electronics,West,Amit Sharma,5,17671.92,0,88359.6
1353,2024-11-24,Speaker,Accessories,East,Sneha Gupta,8,3221.77,5,24485.47
1354,2024-07-11,Mobile,Electronics,South,Anjali Rao,14,17451.97,0,244327.6
1355,2024-10-02,Speaker,Accessories,South,Anjali Rao,4,3200.89,0,12803.57
1356,2024-06-01,Monitor,Electronics,West,Karan Mehta,7,12776.07,0,89432.46
1357,2024-08-23,Camera,Electronics,South,Rohit Verma,4,38061.87,15,129410.37
1358,2024-02-27,Laptop,Electronics,West,Karan Mehta,13,59798.62,0,777382.02
1359,2024-05-03,Headphones,Accessories,North,Amit Sharma,10,2266.79,10,20401.09
1360,2024-12-10,Laptop,Electronics,South,Anjali Rao,1,53924.92,0,53924.92
1361,2024-10-03,Headphones,Accessories,North,Priya Singh,9,2746.74,0,24720.68
1362,2024-10-21,Camera,Electronics,East,Priya Singh,5,37633.81,15,159943.69
1363,2024-09-23,Headphones,Accessories,West,Rohit Verma,5,2280.48,10,10262.15
1364,2024-03-30,Speaker,Accessories,West,Amit Sharma,6,3264.95,15,16651.25
1365,2024-07-14,Camera,Electronics,West,Sneha Gupta,3,33599.22,0,100797.66
1366,2024-10-02,Monitor,Electronics,South,Priya Singh,5,12858.1,0,64290.49
1367,2024-08-25,Laptop,Electronics,West,Sneha Gupta,9,55329.91,5,473070.73
1368,2024-05-04,Smartwatch,Accessories,South,Rohit Verma,11,5494.88,5,57421.54
1369,2024-07-08,Mobile,Electronics,South,Amit Sharma,5,17557.8,10,79010.12
1370,2024-11-04,Laptop,Electronics,North,Priya Singh,13,57878.66,15,639559.2
1371,2024-12-09,Headphones,Accessories,West,Priya Singh,14,2703.52,0,37849.23
1372,2024-01-08,Headphones,Accessories,South,Anjali Rao,2,2623.44,5,4984.54
1373,2024-05-04,Headphones,Accessories,West,Priya Singh,9,2410.81,0,21697.27
1374,2024-07-13,Monitor,Electronics,East,Rohit Verma,5,11663.15,5,55399.95
1375,2024-08-26,Mobile,Electronics,West,Rohit Verma,15,16931.26,0,253968.88
1376,2024-07-30,Laptop,Electronics,South,Anjali Rao,3,49678.42,10,134131.73
1377,2024-10-26,Speaker,Accessories,East,Priya Singh,4,2897.92,5,11012.09
1378,2024-10-18,Headphones,Accessories,West,Karan Mehta,11,2721.73,0,29939.05
1379,2024-05-11,Monitor,Electronics,West,Sneha Gupta,3,12558.65,0,37675.96
1380,2024-03-27,Tablet,Electronics,West,Priya Singh,15,23713.2,15,302343.35
1381,2024-01-31,Laptop,Electronics,North,Anjali Rao,1,57907.73,5,55012.34
1382,2024-03-11,Headphones,Accessories,North,Anjali Rao,3,2254.57,10,6087.34
1383,2024-08-21,Camera,Electronics,North,Karan Mehta,11,36167.28,10,358056.1
1384,2024-09-04,Monitor,Electronics,North,Amit Sharma,9,12123.94,0,109115.5
1385,2024-01-09,Smartwatch,Accessories,East,Amit Sharma,9,6375.79,15,48774.78
1386,2024-08-08,Tablet,Electronics,North,Amit Sharma,9,20455.15,0,184096.34
1387,2024-11-13,Smartwatch,Accessories,East,Rohit Verma,13,5876.28,0,76391.58
1388,2024-07-26,Monitor,Electronics,South,Anjali Rao,4,11519.94,0,46079.76
1389,2024-11-30,Laptop,Electronics,North,Sneha Gupta,7,53648.87,5,356764.95
1390,2024-01-29,Laptop,Electronics,South,Amit Sharma,8,58798.63,15,399830.67
1391,2024-06-18,Mobile,Electronics,North,Priya Singh,4,19444.58,15,66111.58
1392,2024-10-17,Monitor,Electronics,East,Amit Sharma,15,10978.44,0,164676.53
1393,2024-10-05,Laptop,Electronics,South,Rohit Verma,1,60076.16,10,54068.54
1394,2024-03-14,Speaker,Accessories,North,Rohit Verma,3,3038.37,10,8203.61
1395,2024-07-18,Camera,Electronics,West,Anjali Rao,3,37033.49,15,94435.39
1396,2024-02-10,Camera,Electronics,North,Amit Sharma,7,33125.01,0,231875.06
1397,2024-06-23,Speaker,Accessories,East,Amit Sharma,11,2864.0,5,29928.76
1398,2024-09-08,Headphones,Accessories,East,Karan Mehta,7,2465.92,15,14672.25
1399,2024-10-26,Speaker,Accessories,North,Karan Mehta,5,3178.83,15,13510.04
1400,2024-02-07,Mobile,Electronics,East,Priya Singh,7,18762.04,15,111634.12
1401,2024-03-19,Speaker,Accessories,East,Rohit Verma,2,2754.91,0,5509.82
1402,2024-08-15,Camera,Electronics,East,Amit Sharma,3,32111.08,5,91516.58
1403,2024-08-17,Speaker,Accessories,North,Amit Sharma,2,2912.35,0,5824.7
1404,2024-11-01,Camera,Electronics,West,Amit Sharma,5,34396.67,0,171983.35
1405,2024-10-13,Headphones,Accessories,South,Anjali Rao,7,2334.75,0,16343.26
1406,2024-06-03,Smartwatch,Accessories,West,Priya Singh,2,5600.65,0,11201.3
1407,2024-08-03,Smartwatch,Accessories,West,Amit Sharma,6,5702.04,0,34212.24
1408,2024-11-16,Monitor,Electronics,South,Sneha Gupta,2,11125.17,0,22250.35
1409,2024-07-21,Camera,Electronics,West,Rohit Verma,8,33843.15,15,230133.44
1410,2024-10-31,Tablet,Electronics,East,Rohit Verma,10,23968.03,0,239680.27
1411,2024-09-02,Camera,Electronics,South,Sneha Gupta,6,33540.14,15,171054.7
1412,2024-11-20,Monitor,Electronics,South,Rohit Verma,7,11472.72,5,76293.59
1413,2024-07-05,Mobile,Electronics,South,Karan Mehta,9,16847.74,10,136466.68
1414,2024-01-14,Monitor,Electronics,South,Sneha Gupta,13,11499.19,15,127066.1
1415,2024-02-05,Speaker,Accessories,West,Priya Singh,11,2881.7,0,31698.7
1416,2024-12-03,Tablet,Electronics,West,Sneha Gupta,2,21775.89,10,39196.61
1417,2024-09-02,Speaker,Accessories,West,Karan Mehta,1,3174.43,0,3174.43
1418,2024-12-25,Mobile,Electronics,North,Priya Singh,11,18592.9,0,204521.88
1419,2024-11-27,Laptop,Electronics,West,Rohit Verma,13,54235.01,0,705055.14
1420,2024-02-20,Smartwatch,Accessories,South,Karan Mehta,12,6022.56,10,65043.62
1421,2024-12-18,Headphones,Accessories,West,Rohit Verma,7,2481.53,15,14765.11
1422,2024-10-28,Tablet,Electronics,East,Amit Sharma,8,20260.02,5,153976.13
1423,2024-02-13,Mobile,Electronics,South,Rohit Verma,5,17435.04,0,87175.2
1424,2024-09-23,Monitor,Electronics,East,Sneha Gupta,2,11851.6,15,20147.72
1425,2024-08-19,Camera,Electronics,North,Rohit Verma,1,37171.3,0,37171.3
1426,2024-01-12,Camera,Electronics,North,Anjali Rao,13,32650.48,15,360787.79
1427,2024-05-04,Tablet,Electronics,South,Rohit Verma,9,21676.03,5,185330.02
1428,2024-04-28,Speaker,Accessories,South,Priya Singh,11,3094.38,5,32336.32
1429,2024-01-15,Headphones,Accessories,West,Karan Mehta,7,2444.42,15,14544.29
1430,2024-04-19,Headphones,Accessories,East,Anjali Rao,13,2648.0,10,30981.65
1431,2024-02-22,Tablet,Electronics,East,Rohit Verma,4,21813.22,0,87252.89
1432,2024-12-09,Monitor,Electronics,East,Karan Mehta,7,12267.14,10,77282.98
1433,2024-02-28,Camera,Electronics,East,Sneha Gupta,10,32707.69,15,278015.39
1434,2024-12-27,Smartwatch,Accessories,North,Anjali Rao,3,5775.82,0,17327.47
1435,2024-06-05,Mobile,Electronics,South,Rohit Verma,12,16708.89,5,190481.35
1436,2024-08-02,Tablet,Electronics,West,Sneha Gupta,3,21941.35,10,59241.64
1437,2024-12-21,Tablet,Electronics,South,Sneha Gupta,5,20417.3,0,102086.52
1438,2024-08-18,Laptop,Electronics,East,Amit Sharma,8,51001.88,5,387614.3
1439,2024-10-14,Monitor,Electronics,West,Anjali Rao,8,11797.51,5,89661.1
1440,2024-09-07,Tablet,Electronics,North,Karan Mehta,1,23301.88,0,23301.88
1441,2024-05-29,Laptop,Electronics,East,Priya Singh,9,52675.37,5,450374.44
1442,2024-10-16,Monitor,Electronics,North,Karan Mehta,2,11442.93,10,20597.28
1443,2024-07-06,Laptop,Electronics,West,Karan Mehta,4,60387.53,0,241550.13
1444,2024-11-30,Headphones,Accessories,East,Amit Sharma,8,2381.41,0,19051.26
1445,2024-08-12,Mobile,Electronics,South,Priya Singh,13,18855.41,15,208352.24
1446,2024-06-28,Speaker,Accessories,South,Karan Mehta,3,3170.91,0,9512.73
1447,2024-01-31,Camera,Electronics,East,Karan Mehta,9,32678.64,15,249991.61
1448,2024-05-29,Smartwatch,Accessories,East,Karan Mehta,15,6215.16,0,93227.39
1449,2024-03-10,Speaker,Accessories,North,Rohit Verma,14,3093.54,15,36813.1
1450,2024-03-08,Headphones,Accessories,South,Anjali Rao,6,2664.24,15,13587.63
1451,2024-07-20,Monitor,Electronics,South,Karan Mehta,11,11444.92,5,119599.43
1452,2024-07-11,Monitor,Electronics,North,Anjali Rao,13,12912.3,0,167859.9
1453,2024-07-25,Smartwatch,Accessories,East,Sneha Gupta,8,5792.75,0,46341.98
1454,2024-02-17,Monitor,Electronics,East,Amit Sharma,13,12082.62,0,157074.04
1455,2024-08-07,Headphones,Accessories,West,Rohit Verma,6,2664.17,0,15985.03
1456,2024-10-07,Tablet,Electronics,West,Rohit Verma,15,22803.23,0,342048.43
1457,2024-01-24,Mobile,Electronics,West,Amit Sharma,2,19545.96,0,39091.92
1458,2024-08-13,Monitor,Electronics,North,Sneha Gupta,4,13189.67,0,52758.66
1459,2024-11-28,Smartwatch,Accessories,South,Rohit Verma,2,6185.51,0,12371.01
1460,2024-02-12,Camera,Electronics,South,Amit Sharma,7,35879.23,15,213481.42
1461,2024-12-24,Headphones,Accessories,West,Anjali Rao,2,2601.85,0,5203.7
1462,2024-04-19,Monitor,Electronics,North,Priya Singh,10,11342.86,15,96414.29
1463,2024-08-15,Laptop,Electronics,North,Anjali Rao,6,58488.2,5,333382.74
1464,2024-12-21,Tablet,Electronics,West,Amit Sharma,4,21485.51,15,73050.73
1465,2024-02-22,Mobile,Electronics,East,Rohit Verma,15,17277.32,5,246201.8
1466,2024-03-09,Tablet,Electronics,North,Karan Mehta,10,19837.29,15,168616.96
1467,2024-03-25,Monitor,Electronics,East,Anjali Rao,4,12307.39,0,49229.57
1468,2024-07-29,Monitor,Electronics,South,Amit Sharma,15,11041.12,0,165616.74
1469,2024-10-28,Speaker,Accessories,East,Sneha Gupta,6,3174.65,0,19047.88
1470,2024-05-21,Mobile,Electronics,South,Karan Mehta,10,18360.03,10,165240.25
1471,2024-05-25,Laptop,Electronics,East,Priya Singh,9,56176.2,0,505585.76
1472,2024-07-19,Smartwatch,Accessories,North,Priya Singh,8,5863.06,0,46904.5
1473,2024-09-12,Mobile,Electronics,North,Rohit Verma,15,17339.3,5,247085.05
1474,2024-10-18,Speaker,Accessories,East,Karan Mehta,11,2803.66,5,29298.27
1475,2024-02-07,Laptop,Electronics,North,Amit Sharma,5,51873.17,0,259365.86
1476,2024-07-22,Smartwatch,Accessories,West,Sneha Gupta,12,5882.73,15,60003.88
1477,2024-10-01,Tablet,Electronics,East,Amit Sharma,5,20147.69,0,100738.47
1478,2024-03-20,Camera,Electronics,West,Karan Mehta,11,36842.57,15,344478.02
1479,2024-12-14,Mobile,Electronics,East,Anjali Rao,7,18827.85,0,131794.95
1480,2024-01-30,Headphones,Accessories,North,Sneha Gupta,2,2476.69,10,4458.03
1481,2024-01-29,Smartwatch,Accessories,South,Amit Sharma,1,6249.48,15,5312.06
1482,2024-01-06,Tablet,Electronics,West,Rohit Verma,9,22075.78,15,168879.72
1483,2024-05-12,Tablet,Electronics,East,Priya Singh,12,23236.95,0,278843.35
1484,2024-03-01,Laptop,Electronics,East,Sneha Gupta,5,55262.4,0,276311.98
1485,2024-12-30,Mobile,Electronics,West,Sneha Gupta,9,17496.45,5,149594.61
1486,2024-10-17,Tablet,Electronics,East,Priya Singh,5,23202.65,10,104411.91
1487,2024-12-11,Mobile,Electronics,South,Anjali Rao,9,16209.25,0,145883.22
1488,2024-05-05,Laptop,Electronics,West,Rohit Verma,7,59622.49,0,417357.44
1489,2024-01-19,Speaker,Accessories,South,Rohit Verma,4,2949.75,15,10029.16
1490,2024-06-12,Smartwatch,Accessories,North,Karan Mehta,6,5543.28,15,28270.73
1491,2024-01-27,Tablet,Electronics,South,Karan Mehta,1,23997.95,0,23997.95
1492,2024-08-26,Smartwatch,Accessories,East,Rohit Verma,2,6063.71,0,12127.42
1493,2024-07-07,Headphones,Accessories,East,Karan Mehta,13,2401.95,10,28102.87
1494,2024-05-04,Monitor,Electronics,East,Karan Mehta,8,13194.69,0,105557.51
1495,2024-10-06,Headphones,Accessories,South,Amit Sharma,15,2455.02,0,36825.27
1496,2024-10-04,Camera,Electronics,North,Rohit Verma,1,36812.5,5,34971.88
1497,2024-06-06,Mobile,Electronics,South,Karan Mehta,4,17711.34,0,70845.35
1498,2024-03-13,Smartwatch,Accessories,North,Amit Sharma,15,5677.77,10,76649.86
1499,2024-07-30,Camera,Electronics,West,Anjali Rao,2,35565.39,10,64017.71
1500,2024-03-09,Speaker,Accessories,North,Karan Mehta,10,2737.37,15,23267.64
1501,2024-03-07,Headphones,Accessories,East,Rohit Verma,14,2407.5,5,32019.81
1502,2024-12-24,Camera,Electronics,East,Sneha Gupta,5,33135.28,0,165676.39
1503,2024-03-10,Mobile,Electronics,South,Amit Sharma,3,17818.44,0,53455.32
1504,2024-07-27,Mobile,Electronics,East,Priya Singh,8,17309.91,0,138479.26
1505,2024-03-02,Mobile,Electronics,South,Anjali Rao,5,19174.99,15,81493.72
1506,2024-11-04,Laptop,Electronics,South,Rohit Verma,3,50503.34,0,151510.03
1507,2024-07-01,Speaker,Accessories,North,Anjali Rao,5,2856.1,0,14280.5
1508,2024-01-16,Speaker,Accessories,West,Karan Mehta,12,3030.07,0,36360.87
1509,2024-08-24,Mobile,Electronics,South,Amit Sharma,1,16422.01,0,16422.01
1510,2024-03-07,Headphones,Accessories,West,Rohit Verma,11,2565.15,15,23984.14
1511,2024-02-13,Smartwatch,Accessories,North,Amit Sharma,2,5637.3,15,9583.41
1512,2024-08-15,Tablet,Electronics,North,Rohit Verma,2,19987.86,5,37976.94
1513,2024-01-26,Tablet,Electronics,West,Anjali Rao,7,21982.96,5,146186.66
1514,2024-12-15,Speaker,Accessories,South,Rohit Verma,4,3244.98,0,12979.93
1515,2024-05-23,Monitor,Electronics,South,Amit Sharma,10,12286.02,0,122860.24
1516,2024-11-27,Smartwatch,Accessories,West,Sneha Gupta,15,6060.83,0,90912.4
1517,2024-02-14,Smartwatch,Accessories,West,Priya Singh,7,5639.35,10,35527.9
1518,2024-05-07,Laptop,Electronics,West,Anjali Rao,6,54776.53,5,312226.21
1519,2024-06-25,Camera,Electronics,West,Rohit Verma,3,31682.44,10,85542.59
1520,2024-04-22,Laptop,Electronics,East,Amit Sharma,13,60406.84,10,706760.08
1521,2024-07-02,Headphones,Accessories,South,Amit Sharma,4,2578.43,0,10313.73
1522,2024-09-30,Laptop,Electronics,South,Karan Mehta,14,60309.31,5,802113.84
1523,2024-06-30,Tablet,Electronics,South,Priya Singh,10,21199.22,15,180193.36
1524,2024-12-23,Camera,Electronics,North,Anjali Rao,12,33961.78,10,366787.17
1525,2024-10-15,Tablet,Electronics,South,Sneha Gupta,9,21159.83,5,180916.58
1526,2024-01-20,Mobile,Electronics,North,Priya Singh,10,16987.71,10,152889.41
1527,2024-09-01,Laptop,Electronics,East,Karan Mehta,4,58370.9,0,233483.6
1528,2024-03-31,Camera,Electronics,North,Amit Sharma,3,35606.26,0,106818.79
1529,2024-02-26,Camera,Electronics,North,Rohit Verma,12,38093.46,5,434265.47
1530,2024-10-27,Mobile,Electronics,East,Rohit Verma,6,16691.23,0,100147.36
1531,2024-08-11,Monitor,Electronics,East,Priya Singh,12,13124.98,15,133874.83
1532,2024-11-10,Camera,Electronics,South,Anjali Rao,10,37201.18,5,353411.21
1533,2024-06-06,Smartwatch,Accessories,South,Priya Singh,12,5402.16,15,55102.01
1534,2024-10-20,Speaker,Accessories,North,Priya Singh,10,2890.93,10,26018.37
1535,2024-04-23,Mobile,Electronics,West,Priya Singh,6,18883.24,0,113299.42
1536,2024-06-26,Camera,Electronics,South,Anjali Rao,15,38241.56,15,487579.86
1537,2024-12-09,Camera,Electronics,West,Amit Sharma,5,32967.79,15,140113.11
1538,2024-02-04,Camera,Electronics,East,Amit Sharma,12,31508.97,5,359202.24
1539,2024-08-12,Speaker,Accessories,South,Sneha Gupta,8,3229.06,0,25832.5
1540,2024-10-06,Speaker,Accessories,North,Sneha Gupta,13,3218.43,15,35563.66
1541,2024-12-17,Headphones,Accessories,South,Sneha Gupta,2,2649.6,0,5299.19
1542,2024-05-30,Laptop,Electronics,East,Rohit Verma,2,50316.2,0,100632.41
1543,2024-07-11,Tablet,Electronics,North,Karan Mehta,15,24103.38,0,361550.74
1544,2024-10-31,Monitor,Electronics,North,Sneha Gupta,11,11195.99,5,116998.13
1545,2024-03-21,Laptop,Electronics,North,Rohit Verma,4,60218.38,5,228829.85
1546,2024-12-22,Smartwatch,Accessories,East,Rohit Verma,4,5515.1,5,20957.38
1547,2024-10-19,Monitor,Electronics,South,Amit Sharma,6,10809.16,0,64854.94
1548,2024-05-30,Monitor,Electronics,South,Amit Sharma,1,11296.69,15,9602.18
1549,2024-05-29,Mobile,Electronics,West,Amit Sharma,5,19025.56,5,90371.39
1550,2024-09-07,Smartwatch,Accessories,North,Anjali Rao,9,5865.03,0,52785.29
1551,2024-07-14,Camera,Electronics,South,Sneha Gupta,1,33343.07,5,31675.92
1552,2024-05-14,Headphones,Accessories,East,Karan Mehta,1,2325.57,15,1976.73
1553,2024-12-07,Mobile,Electronics,North,Anjali Rao,6,19109.45,5,108923.86
1554,2024-10-28,Headphones,Accessories,North,Sneha Gupta,14,2511.29,10,31642.27
1555,2024-12-17,Monitor,Electronics,South,Sneha Gupta,5,10989.49,15,46705.34
1556,2024-01-18,Tablet,Electronics,North,Sneha Gupta,3,23975.87,0,71927.61
1557,2024-04-18,Headphones,Accessories,South,Amit Sharma,7,2289.18,15,13620.65
1558,2024-08-10,Headphones,Accessories,South,Karan Mehta,5,2409.87,15,10241.97
1559,2024-02-04,Mobile,Electronics,West,Karan Mehta,7,18187.4,0,127311.77
1560,2024-09-23,Monitor,Electronics,North,Anjali Rao,10,12210.18,5,115996.73
1561,2024-02-27,Speaker,Accessories,South,Priya Singh,10,3052.76,0,30527.6
1562,2024-02-24,Mobile,Electronics,East,Karan Mehta,15,17437.93,5,248490.49
1563,2024-05-15,Speaker,Accessories,West,Karan Mehta,10,2983.83,0,29838.28
1564,2024-05-21,Speaker,Accessories,South,Karan Mehta,10,3108.49,5,29530.63
1565,2024-01-20,Speaker,Accessories,East,Anjali Rao,4,2729.57,5,10372.38
1566,2024-05-17,Camera,Electronics,North,Rohit Verma,14,37055.56,0,518777.9
1567,2024-05-23,Monitor,Electronics,North,Priya Singh,3,11521.15,15,29378.94
1568,2024-08-14,Camera,Electronics,East,Anjali Rao,7,35734.85,0,250143.98
1569,2024-04-06,Monitor,Electronics,South,Sneha Gupta,12,11962.7,10,129197.21
1570,2024-07-10,Laptop,Electronics,South,Amit Sharma,5,57305.26,5,272200.0
1571,2024-03-10,Laptop,Electronics,South,Priya Singh,15,58662.23,0,879933.44
1572,2024-05-07,Laptop,Electronics,West,Amit Sharma,15,53464.13,0,801961.89
1573,2024-05-20,Camera,Electronics,West,Karan Mehta,7,35947.87,0,251635.08
1574,2024-12-14,Laptop,Electronics,South,Rohit Verma,8,56034.48,0,448275.84
1575,2024-08-30,Camera,Electronics,East,Priya Singh,14,37761.44,15,449361.18
1576,2024-12-18,Mobile,Electronics,East,Amit Sharma,7,16378.74,10,103186.09
1577,2024-04-19,Headphones,Accessories,South,Anjali Rao,4,2384.54,5,9061.26
1578,2024-09-19,Laptop,Electronics,North,Sneha Gupta,15,50955.45,0,764331.82
1579,2024-11-03,Laptop,Electronics,South,Rohit Verma,10,58355.94,0,583559.41
1580,2024-12-30,Smartwatch,Accessories,West,Sneha Gupta,14,5818.45,0,81458.31
1581,2024-04-21,Monitor,Electronics,East,Anjali Rao,9,12778.35,5,109254.86
1582,2024-10-26,Mobile,Electronics,North,Karan Mehta,11,19679.35,0,216472.82
1583,2024-10-14,Smartwatch,Accessories,East,Anjali Rao,2,5978.09,0,11956.17
1584,2024-05-21,Camera,Electronics,East,Rohit Verma,11,36477.66,15,341066.09
1585,2024-06-01,Headphones,Accessories,South,Karan Mehta,13,2370.15,0,30811.96
1586,2024-11-03,Speaker,Accessories,East,Anjali Rao,3,3132.77,15,7988.56
1587,2024-09-11,Smartwatch,Accessories,East,Sneha Gupta,7,5865.93,0,41061.51
1588,2024-10-25,Headphones,Accessories,East,Anjali Rao,12,2361.18,10,25500.76
1589,2024-11-22,Monitor,Electronics,East,Karan Mehta,5,12829.01,15,54523.28
1590,2024-10-12,Tablet,Electronics,East,Amit Sharma,8,20362.95,0,162903.63
1591,2024-10-13,Tablet,Electronics,East,Anjali Rao,2,20777.92,0,41555.83
1592,2024-06-06,Speaker,Accessories,East,Rohit Verma,5,3051.34,5,14493.88
1593,2024-03-01,Monitor,Electronics,North,Anjali Rao,10,12192.75,10,109734.76
1594,2024-02-06,Monitor,Electronics,South,Karan Mehta,2,12881.99,5,24475.79
1595,2024-09-28,Smartwatch,Accessories,West,Amit Sharma,14,6425.09,0,89951.23
1596,2024-04-12,Camera,Electronics,West,Karan Mehta,15,37846.35,5,539310.44
1597,2024-03-14,Camera,Electronics,South,Amit Sharma,8,33828.41,0,270627.25
1598,2024-06-09,Laptop,Electronics,North,Sneha Gupta,5,51803.21,0,259016.03
1599,2024-10-22,Tablet,Electronics,West,Amit Sharma,3,22503.71,15,57384.46
1600,2024-08-07,Speaker,Accessories,West,Sneha Gupta,7,2702.8,10,17027.65
1601,2024-04-12,Camera,Electronics,North,Rohit Verma,13,37332.6,0,485323.81
1602,2024-01-10,Laptop,Electronics,South,Priya Singh,12,59146.84,0,709762.04
1603,2024-03-07,Mobile,Electronics,West,Karan Mehta,10,17302.01,0,173020.14
1604,2024-01-24,Smartwatch,Accessories,East,Sneha Gupta,12,6024.35,10,65062.94
1605,2024-06-21,Speaker,Accessories,South,Rohit Verma,15,2994.11,0,44911.61
1606,2024-03-25,Speaker,Accessories,North,Priya Singh,4,3136.3,0,12545.21
1607,2024-04-18,Laptop,Electronics,South,Amit Sharma,6,57322.21,0,343933.27
1608,2024-07-11,Smartwatch,Accessories,North,Karan Mehta,1,6194.36,15,5265.21
1609,2024-01-11,Laptop,Electronics,North,Sneha Gupta,8,53682.79,10,386516.1
1610,2024-05-09,Monitor,Electronics,South,Priya Singh,12,12445.78,0,149349.31
1611,2024-06-03,Speaker,Accessories,North,Anjali Rao,9,2861.99,10,23182.09
1612,2024-12-24,Tablet,Electronics,West,Amit Sharma,9,22962.57,0,206663.14
1613,2024-05-24,Mobile,Electronics,North,Sneha Gupta,4,18392.41,0,73569.63
1614,2024-09-24,Headphones,Accessories,East,Anjali Rao,7,2397.68,0,16783.73
1615,2024-10-07,Monitor,Electronics,South,Anjali Rao,15,11953.59,0,179303.9
1616,2024-01-02,Laptop,Electronics,North,Amit Sharma,14,55815.68,5,742348.55
1617,2024-03-17,Mobile,Electronics,North,Anjali Rao,12,16564.65,0,198775.75
1618,2024-11-25,Headphones,Accessories,West,Rohit Verma,5,2482.14,0,12410.69
1619,2024-03-30,Laptop,Electronics,East,Rohit Verma,13,56944.43,5,703263.73
1620,2024-02-29,Mobile,Electronics,North,Amit Sharma,14,16698.22,15,198708.82
1621,2024-03-28,Camera,Electronics,East,Sneha Gupta,10,33378.17,15,283714.41
1622,2024-02-17,Camera,Electronics,East,Priya Singh,2,34305.44,5,65180.34
1623,2024-05-19,Speaker,Accessories,West,Sneha Gupta,11,3231.67,0,35548.42
1624,2024-02-27,Tablet,Electronics,North,Priya Singh,2,21630.52,10,38934.94
1625,2024-09-04,Monitor,Electronics,South,Karan Mehta,7,12669.99,10,79820.96
1626,2024-01-15,Tablet,Electronics,West,Sneha Gupta,2,23705.41,5,45040.29
1627,2024-01-24,Mobile,Electronics,East,Anjali Rao,6,16244.5,15,82846.93
1628,2024-09-25,Headphones,Accessories,East,Karan Mehta,9,2594.12,10,21012.38
1629,2024-02-18,Speaker,Accessories,South,Sneha Gupta,6,3098.23,15,15800.95
1630,2024-07-16,Tablet,Electronics,North,Amit Sharma,11,23911.23,10,236721.22
1631,2024-08-28,Monitor,Electronics,South,Amit Sharma,13,11979.96,0,155739.42
1632,2024-06-18,Smartwatch,Accessories,North,Karan Mehta,4,6060.59,5,23030.26
1633,2024-07-25,Headphones,Accessories,North,Sneha Gupta,8,2650.63,5,20144.79
1634,2024-02-15,Monitor,Electronics,West,Rohit Verma,2,13153.61,15,22361.14
1635,2024-11-30,Laptop,Electronics,North,Sneha Gupta,7,49894.15,10,314333.15
1636,2024-01-01,Mobile,Electronics,East,Karan Mehta,9,16944.66,15,129626.68
1637,2024-08-21,Camera,Electronics,East,Amit Sharma,14,33060.43,5,439703.68
1638,2024-06-18,Monitor,Electronics,East,Anjali Rao,8,11073.66,15,75300.86
1639,2024-04-23,Laptop,Electronics,East,Rohit Verma,14,56470.27,0,790583.82
1640,2024-10-07,Camera,Electronics,North,Amit Sharma,15,32649.09,0,489736.31
1641,2024-07-28,Mobile,Electronics,East,Karan Mehta,4,16875.16,5,64125.59
1642,2024-04-20,Monitor,Electronics,South,Anjali Rao,6,11058.64,5,63034.24
1643,2024-01-24,Mobile,Electronics,West,Sneha Gupta,11,18321.54,10,181383.23
1644,2024-03-09,Monitor,Electronics,North,Karan Mehta,12,10916.57,5,124448.92
1645,2024-10-26,Monitor,Electronics,South,Anjali Rao,10,11216.76,0,112167.61
1646,2024-02-23,Speaker,Accessories,East,Karan Mehta,15,2930.8,10,39565.77
1647,2024-12-20,Headphones,Accessories,East,Sneha Gupta,6,2735.25,5,15590.9
1648,2024-03-09,Tablet,Electronics,West,Karan Mehta,12,23700.32,10,255963.48
1649,2024-06-02,Camera,Electronics,South,Priya Singh,4,35869.17,0,143476.69
1650,2024-12-17,Camera,Electronics,South,Anjali Rao,11,38326.26,0,421588.82
1651,2024-09-14,Camera,Electronics,North,Rohit Verma,9,34862.59,10,282386.97
1652,2024-12-07,Speaker,Accessories,East,Sneha Gupta,13,2707.66,0,35199.61
1653,2024-01-13,Speaker,Accessories,South,Amit Sharma,11,2733.96,0,30073.59
1654,2024-03-23,Smartwatch,Accessories,East,Priya Singh,14,5474.44,0,76642.15
1655,2024-04-14,Laptop,Electronics,East,Sneha Gupta,2,56277.2,15,95671.24
1656,2024-10-14,Headphones,Accessories,West,Priya Singh,9,2642.15,15,20212.47
1657,2024-05-27,Laptop,Electronics,West,Sneha Gupta,7,60023.72,15,357141.14
1658,2024-06-09,Laptop,Electronics,North,Anjali Rao,5,51733.96,5,245736.31
1659,2024-04-25,Camera,Electronics,South,Anjali Rao,4,33559.24,0,134236.98
1660,2024-12-15,Mobile,Electronics,South,Priya Singh,12,18049.85,5,205768.27
1661,2024-01-21,Speaker,Accessories,East,Karan Mehta,5,2778.04,10,12501.18
1662,2024-05-10,Laptop,Electronics,East,Sneha Gupta,12,59812.44,0,717749.27
1663,2024-03-19,Camera,Electronics,North,Anjali Rao,10,37401.98,0,374019.8
1664,2024-09-08,Camera,Electronics,North,Anjali Rao,6,35177.77,0,211066.59
1665,2024-09-23,Mobile,Electronics,South,Sneha Gupta,9,18133.33,0,163199.96
1666,2024-06-27,Headphones,Accessories,South,Anjali Rao,6,2415.53,0,14493.2
1667,2024-04-21,Monitor,Electronics,North,Amit Sharma,11,11630.42,0,127934.59
1668,2024-11-24,Headphones,Accessories,North,Anjali Rao,15,2410.47,0,36157.03
1669,2024-07-16,Smartwatch,Accessories,East,Amit Sharma,15,6020.24,0,90303.62
1670,2024-09-20,Monitor,Electronics,West,Amit Sharma,5,12955.88,0,64779.38
1671,2024-06-13,Mobile,Electronics,North,Priya Singh,13,18136.71,0,235777.22
1672,2024-11-16,Mobile,Electronics,South,Anjali Rao,11,18984.9,15,177508.78
1673,2024-08-05,Mobile,Electronics,South,Karan Mehta,14,18729.87,15,222885.5
1674,2024-08-10,Mobile,Electronics,South,Amit Sharma,8,18780.73,0,150245.81
1675,2024-02-14,Mobile,Electronics,North,Priya Singh,13,17106.87,0,222389.29
1676,2024-10-21,Headphones,Accessories,East,Sneha Gupta,7,2475.56,5,16462.49
1677,2024-08-09,Camera,Electronics,North,Sneha Gupta,11,32328.14,0,355609.54
1678,2024-11-24,Mobile,Electronics,North,Anjali Rao,14,16461.32,10,207412.66
1679,2024-02-24,Smartwatch,Accessories,East,Karan Mehta,2,5737.82,5,10901.86
1680,2024-07-14,Speaker,Accessories,North,Sneha Gupta,3,3020.08,0,9060.24
1681,2024-07-19,Smartwatch,Accessories,South,Rohit Verma,11,6464.37,15,60441.89
1682,2024-11-27,Camera,Electronics,North,Karan Mehta,14,35385.49,0,495396.84
1683,2024-01-22,Laptop,Electronics,West,Karan Mehta,9,59916.77,0,539250.96
1684,2024-04-17,Camera,Electronics,South,Sneha Gupta,15,36021.52,10,486290.53
1685,2024-03-13,Tablet,Electronics,South,Priya Singh,10,23472.89,0,234728.93
1686,2024-02-28,Tablet,Electronics,North,Karan Mehta,8,22636.57,0,181092.54
1687,2024-05-28,Mobile,Electronics,East,Amit Sharma,4,18812.12,5,71486.06
1688,2024-06-18,Camera,Electronics,South,Anjali Rao,11,33141.73,0,364559.03
1689,2024-11-13,Mobile,Electronics,South,Rohit Verma,8,17822.33,10,128320.74
1690,2024-12-03,Smartwatch,Accessories,South,Karan Mehta,10,5837.39,0,58373.92
1691,2024-08-07,Tablet,Electronics,North,Rohit Verma,4,23256.9,15,79073.48
1692,2024-11-24,Speaker,Accessories,East,Rohit Verma,3,3107.75,0,9323.24
1693,2024-09-02,Monitor,Electronics,West,Rohit Verma,13,11533.13,10,134937.65
1694,2024-02-25,Tablet,Electronics,North,Rohit Verma,14,23436.35,10,295298.04
1695,2024-04-10,Smartwatch,Accessories,North,Anjali Rao,2,6470.53,10,11646.95
1696,2024-11-19,Laptop,Electronics,West,Karan Mehta,4,59469.34,10,214089.62
1697,2024-05-13,Monitor,Electronics,South,Rohit Verma,7,11335.94,10,71416.4
1698,2024-05-28,Tablet,Electronics,West,Karan Mehta,9,20198.44,0,181785.94
1699,2024-09-14,Laptop,Electronics,South,Karan Mehta,11,51324.28,10,508110.36
1700,2024-03-12,Monitor,Electronics,South,Priya Singh,10,13076.91,15,111153.72
1701,2024-03-15,Monitor,Electronics,East,Amit Sharma,4,12627.53,0,50510.13
1702,2024-02-02,Smartwatch,Accessories,East,Priya Singh,1,6202.3,10,5582.07
1703,2024-07-03,Speaker,Accessories,West,Sneha Gupta,15,2727.86,15,34780.25
1704,2024-06-14,Mobile,Electronics,East,Anjali Rao,5,18283.07,10,82273.83
1705,2024-03-30,Speaker,Accessories,West,Rohit Verma,10,3092.0,0,30920.02
1706,2024-09-21,Smartwatch,Accessories,West,Priya Singh,9,5887.01,0,52983.1
1707,2024-09-06,Monitor,Electronics,North,Karan Mehta,15,11133.52,0,167002.86
1708,2024-04-27,Mobile,Electronics,East,Priya Singh,3,16872.86,0,50618.58
1709,2024-11-04,Mobile,Electronics,South,Sneha Gupta,13,17388.81,0,226054.52
1710,2024-09-03,Monitor,Electronics,West,Priya Singh,10,11186.99,5,106276.41
1711,2024-01-12,Headphones,Accessories,North,Priya Singh,10,2546.17,0,25461.74
1712,2024-11-18,Laptop,Electronics,South,Amit Sharma,3,52340.86,0,157022.57
1713,2024-09-21,Speaker,Accessories,North,Anjali Rao,12,3097.05,0,37164.56
1714,2024-02-13,Headphones,Accessories,West,Karan Mehta,8,2683.65,0,21469.21
1715,2024-04-22,Speaker,Accessories,South,Karan Mehta,14,3160.49,10,39822.23
1716,2024-12-03,Smartwatch,Accessories,South,Anjali Rao,11,5811.21,5,60727.1
1717,2024-11-01,Mobile,Electronics,South,Sneha Gupta,7,16675.97,0,116731.77
1718,2024-04-13,Speaker,Accessories,South,Karan Mehta,2,2806.45,10,5051.62
1719,2024-11-03,Laptop,Electronics,North,Amit Sharma,8,56753.32,10,408623.89
1720,2024-10-03,Laptop,Electronics,West,Karan Mehta,7,53574.15,0,375019.06
1721,2024-12-23,Speaker,Accessories,South,Sneha Gupta,13,3161.2,0,41095.64
1722,2024-10-28,Mobile,Electronics,West,Priya Singh,5,17917.71,0,89588.54
1723,2024-02-12,Smartwatch,Accessories,West,Rohit Verma,4,5406.56,15,18382.32
1724,2024-01-04,Mobile,Electronics,North,Sneha Gupta,11,16939.51,0,186334.58
1725,2024-07-28,Camera,Electronics,North,Priya Singh,7,36061.03,0,252427.22
1726,2024-05-13,Speaker,Accessories,East,Karan Mehta,5,3295.08,5,15651.63
1727,2024-04-14,Speaker,Accessories,West,Priya Singh,6,3035.46,5,17302.1
1728,2024-05-09,Smartwatch,Accessories,East,Anjali Rao,7,6282.94,15,37383.49
1729,2024-03-01,Headphones,Accessories,West,Anjali Rao,3,2300.14,10,6210.38
1730,2024-07-24,Camera,Electronics,North,Priya Singh,7,38251.99,0,267763.94
1731,2024-02-16,Tablet,Electronics,West,Karan Mehta,7,20187.82,0,141314.73
1732,2024-04-23,Camera,Electronics,North,Karan Mehta,1,36571.46,5,34742.89
1733,2024-11-10,Smartwatch,Accessories,North,Priya Singh,11,5993.24,0,65925.66
1734,2024-04-13,Smartwatch,Accessories,South,Amit Sharma,13,6119.42,10,71597.19
1735,2024-12-23,Headphones,Accessories,South,Anjali Rao,1,2429.87,15,2065.39
1736,2024-01-01,Tablet,Electronics,North,Rohit Verma,13,21557.51,15,238210.47
1737,2024-07-21,Speaker,Accessories,South,Karan Mehta,1,3142.16,0,3142.16
1738,2024-02-16,Smartwatch,Accessories,East,Rohit Verma,14,5731.81,10,72220.8
1739,2024-04-09,Monitor,Electronics,West,Karan Mehta,1,11426.66,5,10855.33
1740,2024-09-16,Mobile,Electronics,North,Karan Mehta,5,17423.88,0,87119.39
1741,2024-09-19,Smartwatch,Accessories,East,Anjali Rao,8,6559.27,10,47226.72
1742,2024-09-04,Headphones,Accessories,East,Sneha Gupta,11,2480.36,10,24555.57
1743,2024-01-15,Monitor,Electronics,North,Rohit Verma,2,11718.42,0,23436.83
1744,2024-12-12,Headphones,Accessories,East,Sneha Gupta,6,2508.25,0,15049.51
1745,2024-12-24,Smartwatch,Accessories,South,Rohit Verma,2,5878.72,15,9993.82
1746,2024-06-24,Mobile,Electronics,South,Sneha Gupta,6,17472.74,10,94352.78
1747,2024-05-17,Tablet,Electronics,South,Sneha Gupta,12,20678.53,15,210921.03
1748,2024-05-03,Smartwatch,Accessories,South,Priya Singh,4,6401.93,10,23046.94
1749,2024-07-01,Tablet,Electronics,North,Amit Sharma,15,20145.35,15,256853.15
1750,2024-09-09,Laptop,Electronics,North,Sneha Gupta,6,56327.34,5,321065.85
1751,2024-10-21,Smartwatch,Accessories,West,Priya Singh,13,6499.21,0,84489.71
1752,2024-07-22,Headphones,Accessories,South,Amit Sharma,9,2649.63,5,22654.38
1753,2024-10-03,Laptop,Electronics,East,Sneha Gupta,14,57049.73,0,798696.15
1754,2024-08-22,Mobile,Electronics,West,Rohit Verma,12,16230.31,15,165549.13
1755,2024-04-17,Speaker,Accessories,North,Rohit Verma,6,3067.67,0,18406.0
1756,2024-04-05,Smartwatch,Accessories,South,Rohit Verma,8,6550.23,0,52401.86
1757,2024-07-06,Tablet,Electronics,West,Sneha Gupta,4,21644.01,0,86576.04
1758,2024-07-05,Speaker,Accessories,East,Sneha Gupta,3,3042.85,10,8215.68
1759,2024-12-17,Headphones,Accessories,North,Anjali Rao,5,2652.04,10,11934.2
1760,2024-08-09,Speaker,Accessories,South,Priya Singh,13,3275.49,0,42581.35
1761,2024-08-30,Laptop,Electronics,South,Sneha Gupta,8,50979.19,15,346658.48
1762,2024-09-21,Camera,Electronics,West,Rohit Verma,5,35434.97,10,159457.36
1763,2024-01-25,Speaker,Accessories,North,Anjali Rao,3,2736.02,0,8208.07
1764,2024-08-31,Mobile,Electronics,West,Anjali Rao,6,17135.17,0,102811.01
1765,2024-10-13,Smartwatch,Accessories,East,Amit Sharma,7,5545.48,15,32995.64
1766,2024-11-06,Headphones,Accessories,South,Rohit Verma,6,2412.55,10,13027.74
1767,2024-09-06,Monitor,Electronics,North,Sneha Gupta,10,11487.66,15,97645.08
1768,2024-03-15,Tablet,Electronics,East,Sneha Gupta,11,22494.16,5,235064.02
1769,2024-02-06,Mobile,Electronics,South,Rohit Verma,4,17328.54,15,58917.02
1770,2024-05-29,Smartwatch,Accessories,West,Rohit Verma,15,5933.88,0,89008.17
1771,2024-10-27,Monitor,Electronics,West,Priya Singh,3,12850.11,0,38550.33
1772,2024-04-30,Smartwatch,Accessories,North,Priya Singh,3,5876.45,0,17629.36
1773,2024-02-02,Monitor,Electronics,North,Amit Sharma,13,11752.83,0,152786.79
1774,2024-02-23,Smartwatch,Accessories,South,Amit Sharma,11,6517.91,5,68112.13
1775,2024-06-07,Headphones,Accessories,South,Anjali Rao,5,2471.58,0,12357.9
1776,2024-03-08,Tablet,Electronics,North,Amit Sharma,11,21370.1,0,235071.12
1777,2024-08-31,Monitor,Electronics,East,Karan Mehta,8,11124.28,15,75645.08
1778,2024-10-03,Tablet,Electronics,West,Anjali Rao,12,22597.75,10,244055.65
1779,2024-08-10,Smartwatch,Accessories,East,Sneha Gupta,9,5672.55,0,51052.99
1780,2024-08-14,Smartwatch,Accessories,East,Sneha Gupta,5,5586.86,0,27934.31
1781,2024-01-01,Tablet,Electronics,East,Rohit Verma,8,22154.44,15,150650.16
1782,2024-09-08,Monitor,Electronics,East,Amit Sharma,13,11833.04,0,153829.58
1783,2024-11-01,Headphones,Accessories,North,Karan Mehta,6,2344.29,10,12659.14
1784,2024-08-11,Speaker,Accessories,South,Priya Singh,12,3142.27,5,35821.89
1785,2024-07-12,Headphones,Accessories,East,Amit Sharma,7,2562.66,10,16144.77
1786,2024-11-09,Smartwatch,Accessories,East,Anjali Rao,12,6038.33,0,72460.0
1787,2024-07-30,Headphones,Accessories,North,Priya Singh,3,2394.8,15,6106.73
1788,2024-08-21,Monitor,Electronics,East,Anjali Rao,10,11980.79,0,119807.9
1789,2024-01-10,Tablet,Electronics,North,Karan Mehta,1,20618.13,0,20618.13
1790,2024-05-24,Smartwatch,Accessories,South,Anjali Rao,8,6272.53,0,50180.23
1791,2024-02-16,Tablet,Electronics,North,Sneha Gupta,4,21304.42,0,85217.67
1792,2024-09-12,Camera,Electronics,West,Anjali Rao,13,31722.16,0,412388.08
1793,2024-03-15,Laptop,Electronics,East,Sneha Gupta,2,55475.11,0,110950.22
1794,2024-04-08,Smartwatch,Accessories,West,Amit Sharma,2,6569.52,15,11168.18
1795,2024-05-07,Speaker,Accessories,West,Priya Singh,12,3296.72,0,39560.65
1796,2024-08-23,Mobile,Electronics,South,Sneha Gupta,7,18653.19,0,130572.35
1797,2024-06-14,Tablet,Electronics,North,Anjali Rao,15,22218.15,0,333272.28
1798,2024-05-09,Monitor,Electronics,East,Priya Singh,6,12930.05,15,65943.24
1799,2024-04-21,Mobile,Electronics,South,Anjali Rao,7,17368.25,0,121577.74
1800,2024-05-21,Mobile,Electronics,West,Priya Singh,1,19687.81,10,17719.03
1801,2024-12-19,Monitor,Electronics,South,Rohit Verma,13,11014.75,0,143191.77
1802,2024-09-12,Mobile,Electronics,East,Anjali Rao,1,16415.19,15,13952.91
1803,2024-03-19,Mobile,Electronics,South,Sneha Gupta,4,17340.26,10,62424.94
1804,2024-11-26,Camera,Electronics,West,Anjali Rao,4,31649.47,5,120267.99
1805,2024-07-02,Tablet,Electronics,East,Amit Sharma,8,22909.15,10,164945.91
1806,2024-05-30,Monitor,Electronics,South,Karan Mehta,3,12104.69,0,36314.07
1807,2024-08-27,Smartwatch,Accessories,South,Amit Sharma,9,5586.03,0,50274.28
1808,2024-05-14,Camera,Electronics,West,Amit Sharma,13,35966.18,5,444182.35
1809,2024-04-04,Laptop,Electronics,East,Karan Mehta,4,53027.64,0,212110.54
1810,2024-12-03,Speaker,Accessories,South,Karan Mehta,11,2998.53,10,29685.44
1811,2024-03-19,Smartwatch,Accessories,East,Sneha Gupta,11,5786.43,0,63650.72
1812,2024-09-24,Mobile,Electronics,North,Priya Singh,3,19344.57,0,58033.72
1813,2024-02-24,Monitor,Electronics,South,Amit Sharma,1,12170.43,5,11561.91
1814,2024-12-02,Monitor,Electronics,East,Amit Sharma,6,11329.73,15,57781.65
1815,2024-02-06,Laptop,Electronics,South,Anjali Rao,8,59712.44,0,477699.53
1816,2024-08-27,Laptop,Electronics,East,Karan Mehta,12,59820.68,5,681955.78
1817,2024-07-07,Laptop,Electronics,East,Karan Mehta,1,57577.3,0,57577.3
1818,2024-02-09,Headphones,Accessories,North,Amit Sharma,12,2365.51,5,26966.8
1819,2024-04-07,Headphones,Accessories,South,Karan Mehta,11,2723.75,10,26965.14
1820,2024-10-12,Speaker,Accessories,North,Anjali Rao,10,2914.78,5,27690.39
1821,2024-12-25,Speaker,Accessories,North,Priya Singh,13,2808.24,5,34681.74
1822,2024-09-15,Camera,Electronics,South,Karan Mehta,10,34601.09,0,346010.85
1823,2024-06-10,Camera,Electronics,East,Sneha Gupta,13,35932.69,15,397056.18
1824,2024-06-14,Headphones,Accessories,South,Sneha Gupta,13,2525.12,15,27902.57
1825,2024-05-10,Camera,Electronics,West,Sneha Gupta,7,31501.37,0,220509.59
1826,2024-05-25,Laptop,Electronics,South,Rohit Verma,1,52803.67,0,52803.67
1827,2024-04-19,Camera,Electronics,North,Anjali Rao,14,33431.7,10,421239.42
1828,2024-09-18,Tablet,Electronics,North,Amit Sharma,8,21364.89,0,170919.08
1829,2024-05-15,Camera,Electronics,South,Priya Singh,5,37177.52,0,185887.6
1830,2024-10-19,Speaker,Accessories,South,Anjali Rao,2,3134.15,5,5954.88
1831,2024-03-29,Monitor,Electronics,North,Karan Mehta,11,11520.94,15,107720.82
1832,2024-10-22,Speaker,Accessories,North,Amit Sharma,15,3162.54,0,47438.11
1833,2024-08-10,Speaker,Accessories,North,Priya Singh,12,3091.67,10,33390.01
1834,2024-01-06,Speaker,Accessories,North,Rohit Verma,9,2724.71,10,22070.15
1835,2024-10-16,Tablet,Electronics,East,Karan Mehta,12,20771.51,0,249258.09
1836,2024-12-10,Speaker,Accessories,West,Karan Mehta,10,3002.84,0,30028.38
1837,2024-08-09,Smartwatch,Accessories,West,Priya Singh,3,5803.4,5,16539.7
1838,2024-10-19,Laptop,Electronics,West,Rohit Verma,2,53883.8,5,102379.22
1839,2024-12-23,Tablet,Electronics,South,Sneha Gupta,9,20671.68,5,176742.84
1840,2024-11-29,Headphones,Accessories,South,Priya Singh,2,2383.13,5,4527.94
1841,2024-06-14,Mobile,Electronics,North,Anjali Rao,7,17724.75,0,124073.22
1842,2024-04-07,Camera,Electronics,East,Karan Mehta,11,31669.45,0,348363.93
1843,2024-03-27,Camera,Electronics,West,Karan Mehta,3,34583.24,0,103749.73
1844,2024-04-12,Camera,Electronics,South,Anjali Rao,14,32100.7,15,381998.34
1845,2024-01-28,Headphones,Accessories,South,Rohit Verma,1,2421.64,0,2421.64
1846,2024-06-05,Monitor,Electronics,West,Amit Sharma,6,11301.62,10,61028.76
1847,2024-04-18,Headphones,Accessories,East,Karan Mehta,8,2561.52,0,20492.17
1848,2024-12-21,Laptop,Electronics,West,Karan Mehta,15,56798.81,0,851982.18
1849,2024-05-10,Tablet,Electronics,North,Rohit Verma,4,23272.43,10,83780.75
1850,2024-05-18,Laptop,Electronics,West,Anjali Rao,1,50232.58,15,42697.69
1851,2024-05-18,Camera,Electronics,North,Amit Sharma,5,37571.87,15,159680.46
1852,2024-07-16,Headphones,Accessories,West,Karan Mehta,12,2299.8,0,27597.62
1853,2024-09-05,Mobile,Electronics,South,Priya Singh,9,19680.45,10,159411.64
1854,2024-12-30,Laptop,Electronics,North,Priya Singh,15,55323.57,0,829853.54
1855,2024-09-07,Speaker,Accessories,South,Amit Sharma,6,3110.59,0,18663.52
1856,2024-11-16,Smartwatch,Accessories,South,Karan Mehta,5,6374.27,15,27090.65
1857,2024-05-11,Speaker,Accessories,North,Karan Mehta,5,2835.35,0,14176.75
1858,2024-07-20,Tablet,Electronics,North,Anjali Rao,7,22091.16,15,131442.39
1859,2024-11-09,Headphones,Accessories,West,Priya Singh,10,2326.37,0,23263.75
1860,2024-11-05,Camera,Electronics,West,Karan Mehta,3,32947.3,0,98841.9
1861,2024-10-24,Headphones,Accessories,South,Rohit Verma,12,2602.57,10,28107.74
1862,2024-03-10,Speaker,Accessories,South,Anjali Rao,15,3038.91,0,45583.6
1863,2024-06-11,Mobile,Electronics,North,Priya Singh,6,19222.28,0,115333.69
1864,2024-01-16,Camera,Electronics,West,Sneha Gupta,5,34601.03,15,147054.38
1865,2024-05-20,Tablet,Electronics,South,Amit Sharma,3,20612.88,10,55654.79
1866,2024-11-11,Smartwatch,Accessories,South,Karan Mehta,4,5677.09,0,22708.38
1867,2024-07-02,Mobile,Electronics,West,Priya Singh,9,19246.1,5,164554.13
1868,2024-12-30,Camera,Electronics,South,Sneha Gupta,8,34816.93,0,278535.43
1869,2024-04-08,Headphones,Accessories,North,Sneha Gupta,13,2734.41,0,35547.3
1870,2024-07-30,Headphones,Accessories,South,Priya Singh,2,2338.54,5,4443.22
1871,2024-11-11,Monitor,Electronics,East,Sneha Gupta,15,11392.28,5,162340.01
1872,2024-01-22,Speaker,Accessories,East,Sneha Gupta,10,3263.48,10,29371.35
1873,2024-10-31,Laptop,Electronics,North,Sneha Gupta,8,58597.11,0,468776.89
1874,2024-05-05,Speaker,Accessories,North,Karan Mehta,7,3009.68,15,17907.57
1875,2024-01-26,Headphones,Accessories,East,Sneha Gupta,7,2692.2,0,18845.39
1876,2024-08-24,Tablet,Electronics,West,Rohit Verma,10,23843.74,15,202671.83
1877,2024-09-21,Tablet,Electronics,West,Anjali Rao,8,20197.94,10,145425.16
1878,2024-02-27,Tablet,Electronics,South,Sneha Gupta,7,21223.23,0,148562.6
1879,2024-04-01,Monitor,Electronics,South,Sneha Gupta,2,11400.2,15,19380.34
1880,2024-11-28,Tablet,Electronics,North,Amit Sharma,2,22907.4,15,38942.58
1881,2024-07-04,Mobile,Electronics,West,Anjali Rao,13,19710.69,10,230615.06
1882,2024-03-22,Speaker,Accessories,West,Amit Sharma,13,2802.53,0,36432.9
1883,2024-10-16,Tablet,Electronics,South,Priya Singh,3,23184.29,0,69552.87
1884,2024-08-02,Smartwatch,Accessories,East,Anjali Rao,13,6553.16,0,85191.07
1885,2024-11-16,Tablet,Electronics,North,Priya Singh,4,19815.54,0,79262.18
1886,2024-01-07,Monitor,Electronics,West,Sneha Gupta,9,12737.89,10,103176.92
1887,2024-09-09,Headphones,Accessories,South,Karan Mehta,11,2487.86,5,25998.1
1888,2024-08-14,Mobile,Electronics,North,Priya Singh,15,18170.43,10,245300.8
1889,2024-11-17,Headphones,Accessories,North,Priya Singh,3,2277.53,0,6832.6
1890,2024-01-19,Tablet,Electronics,North,Anjali Rao,10,23487.26,0,234872.64
1891,2024-06-18,Mobile,Electronics,North,Amit Sharma,7,19777.45,0,138442.13
1892,2024-12-10,Smartwatch,Accessories,South,Sneha Gupta,12,6094.76,0,73137.11
1893,2024-02-17,Smartwatch,Accessories,East,Rohit Verma,15,5854.73,0,87820.91
1894,2024-08-06,Mobile,Electronics,East,Sneha Gupta,3,16639.28,0,49917.85
1895,2024-06-17,Speaker,Accessories,South,Anjali Rao,4,3067.23,0,12268.93
1896,2024-10-19,Mobile,Electronics,West,Anjali Rao,12,18377.2,15,187447.45
1897,2024-05-27,Speaker,Accessories,East,Rohit Verma,9,3045.09,10,24665.19
1898,2024-06-30,Tablet,Electronics,West,Karan Mehta,12,22580.17,5,257413.98
1899,2024-04-02,Headphones,Accessories,East,Priya Singh,1,2309.1,5,2193.65
1900,2024-11-16,Mobile,Electronics,South,Karan Mehta,7,17690.55,0,123833.84
1901,2024-06-28,Headphones,Accessories,North,Anjali Rao,4,2595.01,0,10380.03
1902,2024-02-04,Smartwatch,Accessories,East,Karan Mehta,9,5788.71,0,52098.38
1903,2024-02-28,Camera,Electronics,East,Sneha Gupta,12,35482.45,0,425789.41
1904,2024-03-30,Headphones,Accessories,East,Rohit Verma,15,2586.24,5,36853.87
1905,2024-01-19,Tablet,Electronics,West,Priya Singh,11,21826.72,10,216084.52
1906,2024-06-20,Monitor,Electronics,West,Anjali Rao,1,12804.25,0,12804.25
1907,2024-10-16,Camera,Electronics,North,Priya Singh,10,36298.45,0,362984.53
1908,2024-02-03,Tablet,Electronics,East,Amit Sharma,6,24127.92,15,123052.41
1909,2024-09-30,Tablet,Electronics,West,Priya Singh,10,20314.12,0,203141.16
1910,2024-12-27,Camera,Electronics,North,Rohit Verma,7,32107.58,0,224753.09
1911,2024-07-09,Monitor,Electronics,East,Priya Singh,9,11525.56,0,103730.08
1912,2024-07-10,Laptop,Electronics,South,Amit Sharma,8,55065.94,5,418501.16
1913,2024-09-13,Tablet,Electronics,South,Rohit Verma,15,21927.28,10,296018.23
1914,2024-06-07,Camera,Electronics,South,Amit Sharma,14,38375.91,10,483536.52
1915,2024-12-12,Tablet,Electronics,South,Anjali Rao,1,21821.22,15,18548.04
1916,2024-09-24,Mobile,Electronics,North,Rohit Verma,15,16358.51,10,220839.86
1917,2024-02-14,Camera,Electronics,West,Amit Sharma,2,35144.04,15,59744.87
1918,2024-06-08,Laptop,Electronics,East,Anjali Rao,15,51808.3,0,777124.54
1919,2024-04-08,Smartwatch,Accessories,East,Karan Mehta,6,6327.34,15,32269.46
1920,2024-03-01,Smartwatch,Accessories,South,Priya Singh,5,5537.35,10,24918.09
1921,2024-10-13,Mobile,Electronics,South,Karan Mehta,6,18177.72,0,109066.3
1922,2024-03-13,Smartwatch,Accessories,South,Priya Singh,2,5773.65,0,11547.31
1923,2024-10-03,Monitor,Electronics,North,Priya Singh,1,11929.77,15,10140.3
1924,2024-01-26,Mobile,Electronics,West,Amit Sharma,2,17735.28,0,35470.55
1925,2024-12-26,Monitor,Electronics,East,Rohit Verma,6,12761.86,15,65085.49
1926,2024-12-09,Mobile,Electronics,West,Karan Mehta,3,16534.5,15,42162.97
1927,2024-08-27,Mobile,Electronics,West,Rohit Verma,11,18519.91,5,193533.03
1928,2024-08-28,Headphones,Accessories,South,Priya Singh,14,2697.85,0,37769.91
1929,2024-07-05,Speaker,Accessories,South,Anjali Rao,15,3099.11,0,46486.63
1930,2024-08-20,Monitor,Electronics,North,Amit Sharma,8,11070.93,5,84139.06
1931,2024-08-24,Tablet,Electronics,East,Rohit Verma,10,22328.58,10,200957.26
1932,2024-02-22,Speaker,Accessories,North,Rohit Verma,9,3089.67,0,27807.04
1933,2024-09-29,Monitor,Electronics,West,Karan Mehta,7,11372.58,0,79608.06
1934,2024-10-07,Tablet,Electronics,West,Sneha Gupta,2,21299.14,15,36208.54
1935,2024-10-29,Speaker,Accessories,West,Karan Mehta,13,2905.32,15,32103.79
1936,2024-04-30,Tablet,Electronics,North,Anjali Rao,15,22932.4,5,326786.68
1937,2024-02-28,Monitor,Electronics,East,Karan Mehta,2,12772.86,0,25545.71
1938,2024-06-06,Speaker,Accessories,North,Karan Mehta,2,3111.31,10,5600.35
1939,2024-07-13,Camera,Electronics,West,Anjali Rao,11,31930.38,0,351234.13
1940,2024-03-12,Laptop,Electronics,South,Anjali Rao,3,54482.72,0,163448.16
1941,2024-07-18,Monitor,Electronics,South,Priya Singh,11,12905.82,0,141964.03
1942,2024-10-18,Smartwatch,Accessories,West,Anjali Rao,15,5813.12,0,87196.76
1943,2024-10-25,Laptop,Electronics,West,Priya Singh,14,52736.03,0,738304.44
1944,2024-10-08,Laptop,Electronics,North,Anjali Rao,9,58528.29,0,526754.58
1945,2024-02-26,Smartwatch,Accessories,North,Priya Singh,7,6242.67,5,41513.73
1946,2024-11-16,Camera,Electronics,West,Sneha Gupta,7,34546.33,0,241824.31
1947,2024-12-05,Tablet,Electronics,West,Priya Singh,4,22243.85,0,88975.42
1948,2024-08-01,Tablet,Electronics,East,Anjali Rao,3,20390.82,0,61172.46
1949,2024-11-27,Laptop,Electronics,South,Anjali Rao,15,54853.71,5,781665.43
1950,2024-03-10,Mobile,Electronics,South,Anjali Rao,13,17697.08,5,218558.93
1951,2024-12-22,Speaker,Accessories,South,Sneha Gupta,9,2954.47,5,25260.76
1952,2024-07-15,Camera,Electronics,South,Priya Singh,7,35732.01,10,225111.68
1953,2024-09-12,Headphones,Accessories,East,Sneha Gupta,15,2523.08,0,37846.25
1954,2024-01-18,Laptop,Electronics,West,Anjali Rao,6,50744.81,5,289245.41
1955,2024-12-19,Mobile,Electronics,South,Anjali Rao,12,18095.07,0,217140.83
1956,2024-08-26,Mobile,Electronics,North,Priya Singh,8,18470.39,15,125598.63
1957,2024-12-08,Mobile,Electronics,East,Karan Mehta,1,19452.91,10,17507.62
1958,2024-01-06,Monitor,Electronics,West,Karan Mehta,15,11926.16,15,152058.51
1959,2024-06-18,Speaker,Accessories,East,Rohit Verma,5,2800.5,15,11902.15
1960,2024-11-01,Smartwatch,Accessories,East,Amit Sharma,11,5967.79,0,65645.72
1961,2024-10-20,Laptop,Electronics,East,Anjali Rao,10,49800.28,5,473102.65
1962,2024-02-12,Tablet,Electronics,North,Rohit Verma,5,20383.17,0,101915.85
1963,2024-05-20,Smartwatch,Accessories,North,Anjali Rao,2,6124.59,10,11024.25
1964,2024-03-18,Monitor,Electronics,East,Priya Singh,5,12678.07,0,63390.33
1965,2024-09-05,Tablet,Electronics,North,Rohit Verma,2,24056.32,10,43301.38
1966,2024-03-19,Monitor,Electronics,West,Sneha Gupta,4,12385.6,15,42111.05
1967,2024-11-22,Tablet,Electronics,South,Karan Mehta,12,23504.07,0,282048.78
1968,2024-11-24,Smartwatch,Accessories,North,Amit Sharma,3,5956.82,5,16976.93
1969,2024-06-03,Monitor,Electronics,South,Sneha Gupta,11,12493.46,5,130556.64
1970,2024-05-14,Tablet,Electronics,West,Amit Sharma,5,23879.78,5,113428.95
1971,2024-07-14,Camera,Electronics,North,Amit Sharma,15,35219.05,0,528285.8
1972,2024-08-09,Smartwatch,Accessories,East,Rohit Verma,5,6362.78,0,31813.9
1973,2024-12-01,Speaker,Accessories,West,Anjali Rao,12,2845.08,15,29019.8
1974,2024-10-28,Headphones,Accessories,East,Anjali Rao,12,2746.61,0,32959.29
1975,2024-10-07,Laptop,Electronics,North,Amit Sharma,1,54023.74,10,48621.36
1976,2024-02-23,Monitor,Electronics,East,Priya Singh,12,11479.91,0,137758.95
1977,2024-01-18,Laptop,Electronics,North,Amit Sharma,10,56722.66,0,567226.61
1978,2024-11-02,Mobile,Electronics,North,Amit Sharma,14,18376.87,5,244412.36
1979,2024-12-02,Tablet,Electronics,North,Anjali Rao,3,20914.68,5,59606.83
1980,2024-12-04,Mobile,Electronics,West,Rohit Verma,13,17737.14,15,195995.4
1981,2024-06-14,Smartwatch,Accessories,South,Amit Sharma,5,6332.53,5,30079.5
1982,2024-07-17,Camera,Electronics,North,Rohit Verma,14,33352.65,5,443590.3
1983,2024-02-05,Monitor,Electronics,South,Karan Mehta,7,11228.26,5,74667.94
1984,2024-02-25,Tablet,Electronics,West,Priya Singh,10,22630.69,5,214991.54
1985,2024-05-12,Mobile,Electronics,North,Amit Sharma,2,18256.84,0,36513.68
1986,2024-08-16,Laptop,Electronics,West,Priya Singh,11,56543.69,0,621980.57
1987,2024-12-06,Speaker,Accessories,East,Priya Singh,12,2897.9,5,33036.04
1988,2024-10-21,Laptop,Electronics,West,Sneha Gupta,7,53943.04,15,320961.09
1989,2024-02-05,Headphones,Accessories,North,Sneha Gupta,12,2658.99,5,30312.47
1990,2024-03-03,Camera,Electronics,East,Anjali Rao,5,34304.3,15,145793.29
1991,2024-11-27,Mobile,Electronics,East,Karan Mehta,14,19659.33,0,275230.65
1992,2024-08-23,Smartwatch,Accessories,South,Priya Singh,9,5447.2,5,46573.54
1993,2024-12-04,Headphones,Accessories,East,Anjali Rao,7,2698.23,15,16054.47
1994,2024-12-18,Camera,Electronics,West,Amit Sharma,15,35929.54,15,458101.62
1995,2024-04-07,Tablet,Electronics,North,Priya Singh,1,22966.85,10,20670.17
1996,2024-05-02,Monitor,Electronics,West,Amit Sharma,13,12097.32,0,157265.22
1997,2024-09-12,Monitor,Electronics,North,Amit Sharma,6,10934.53,15,55766.11
1998,2024-01-22,Speaker,Accessories,North,Priya Singh,13,3092.31,10,36180.03
1999,2024-08-22,Tablet,Electronics,South,Amit Sharma,1,23036.02,5,21884.22
2000,2024-11-30,Laptop,Electronics,West,Karan Mehta,1,52169.51,15,44344.08
2001,2024-03-07,Laptop,Electronics,South,Anjali Rao,1,59451.29,0,59451.29
2002,2024-08-21,Tablet,Electronics,North,Amit Sharma,2,21987.43,10,39577.38
2003,2024-04-22,Mobile,Electronics,South,Sneha Gupta,6,19121.48,15,97519.53
2004,2024-12-13,Speaker,Accessories,East,Amit Sharma,11,3045.58,0,33501.38
2005,2024-06-13,Headphones,Accessories,North,Karan Mehta,3,2417.75,0,7253.26
2006,2024-05-20,Tablet,Electronics,West,Priya Singh,12,21427.68,0,257132.16
2007,2024-08-12,Headphones,Accessories,North,Priya Singh,2,2645.53,15,4497.39
2008,2024-11-09,Speaker,Accessories,South,Amit Sharma,15,2992.18,0,44882.71
2009,2024-01-04,Tablet,Electronics,North,Anjali Rao,11,22412.41,0,246536.56
2010,2024-08-01,Monitor,Electronics,South,Priya Singh,3,12335.58,10,33306.07
2011,2024-08-18,Speaker,Accessories,South,Priya Singh,10,3115.0,10,28035.04
2012,2024-04-02,Monitor,Electronics,North,Anjali Rao,14,12678.2,0,177494.79
2013,2024-08-02,Laptop,Electronics,South,Priya Singh,2,60352.64,0,120705.28
2014,2024-11-12,Camera,Electronics,South,Sneha Gupta,13,35885.25,0,466508.25
2015,2024-05-21,Laptop,Electronics,South,Amit Sharma,13,51141.39,5,631596.19
2016,2024-09-11,Tablet,Electronics,South,Anjali Rao,15,19989.71,15,254868.79
2017,2024-07-05,Smartwatch,Accessories,South,Sneha Gupta,5,5801.15,5,27555.48
2018,2024-01-23,Mobile,Electronics,North,Karan Mehta,3,16768.96,0,50306.89
2019,2024-09-05,Mobile,Electronics,North,Priya Singh,12,17801.36,10,192254.64
2020,2024-06-15,Speaker,Accessories,South,Anjali Rao,11,3239.02,0,35629.26
2021,2024-02-26,Camera,Electronics,South,Amit Sharma,4,36664.24,0,146656.94
2022,2024-07-11,Headphones,Accessories,North,Sneha Gupta,10,2492.2,5,23675.94
2023,2024-03-15,Headphones,Accessories,West,Priya Singh,7,2436.74,5,16204.34
2024,2024-04-09,Camera,Electronics,East,Priya Singh,6,32390.48,15,165191.46
2025,2024-10-18,Laptop,Electronics,East,Priya Singh,2,58868.17,5,111849.51
2026,2024-08-02,Tablet,Electronics,East,Priya Singh,15,21098.71,0,316480.66
2027,2024-11-22,Tablet,Electronics,South,Amit Sharma,7,23570.68,5,156745.05
2028,2024-04-20,Monitor,Electronics,West,Rohit Verma,1,12552.04,15,10669.24
2029,2024-05-06,Headphones,Accessories,East,Sneha Gupta,10,2361.2,10,21250.83
2030,2024-03-17,Laptop,Electronics,West,Amit Sharma,1,60404.01,15,51343.41
2031,2024-09-15,Laptop,Electronics,West,Karan Mehta,7,54771.96,15,325893.18
2032,2024-02-20,Monitor,Electronics,West,Priya Singh,2,12140.37,0,24280.74
2033,2024-12-20,Speaker,Accessories,South,Priya Singh,6,2877.47,15,14675.12
2034,2024-02-16,Laptop,Electronics,West,Anjali Rao,5,51279.83,5,243579.2
2035,2024-10-19,Laptop,Electronics,West,Sneha Gupta,13,51024.86,15,563824.74
2036,2024-07-26,Tablet,Electronics,East,Anjali Rao,8,22897.17,0,183177.35
2037,2024-11-17,Mobile,Electronics,West,Anjali Rao,6,18111.31,0,108667.88
2038,2024-08-06,Smartwatch,Accessories,South,Anjali Rao,2,6144.55,0,12289.09
2039,2024-01-29,Camera,Electronics,North,Amit Sharma,7,34059.14,10,214572.56
2040,2024-01-21,Camera,Electronics,East,Priya Singh,11,35411.53,0,389526.87
2041,2024-10-14,Headphones,Accessories,South,Rohit Verma,4,2519.82,15,8567.38
2042,2024-09-01,Headphones,Accessories,South,Rohit Verma,6,2698.97,10,14574.42
2043,2024-12-14,Speaker,Accessories,East,Amit Sharma,2,2923.69,5,5555.01
2044,2024-09-05,Mobile,Electronics,West,Anjali Rao,9,18641.91,10,150999.47
2045,2024-05-29,Monitor,Electronics,East,Anjali Rao,12,12741.11,0,152893.32
2046,2024-04-06,Monitor,Electronics,North,Amit Sharma,7,12955.07,0,90685.49
2047,2024-02-09,Mobile,Electronics,South,Rohit Verma,2,18709.5,5,35548.04
2048,2024-03-18,Headphones,Accessories,North,Rohit Verma,7,2734.79,10,17229.16
2049,2024-03-08,Monitor,Electronics,East,Sneha Gupta,8,12570.5,0,100564.02
2050,2024-05-29,Headphones,Accessories,North,Amit Sharma,14,2650.99,10,33402.53
2051,2024-11-26,Camera,Electronics,West,Karan Mehta,6,36090.32,0,216541.94
2052,2024-09-05,Monitor,Electronics,West,Rohit Verma,10,11116.69,0,111166.9
2053,2024-03-28,Smartwatch,Accessories,South,Sneha Gupta,6,6564.87,0,39389.21
2054,2024-03-16,Camera,Electronics,East,Sneha Gupta,3,35830.41,0,107491.23
2055,2024-12-30,Smartwatch,Accessories,South,Priya Singh,14,6249.73,15,74371.83
2056,2024-03-19,Tablet,Electronics,South,Amit Sharma,1,24172.6,10,21755.34
2057,2024-03-05,Monitor,Electronics,East,Rohit Verma,3,11292.37,15,28795.55
2058,2024-01-18,Camera,Electronics,East,Priya Singh,6,34639.0,0,207834.02
2059,2024-09-30,Smartwatch,Accessories,North,Amit Sharma,7,6517.28,0,45620.98
2060,2024-08-22,Camera,Electronics,South,Amit Sharma,12,35323.02,10,381488.61
2061,2024-06-18,Smartwatch,Accessories,West,Rohit Verma,13,6576.83,10,76948.88
2062,2024-12-07,Tablet,Electronics,West,Rohit Verma,12,20294.19,5,231353.75
2063,2024-01-21,Tablet,Electronics,North,Rohit Verma,1,21567.17,0,21567.17
2064,2024-08-16,Camera,Electronics,North,Rohit Verma,1,35757.06,0,35757.06
2065,2024-10-25,Headphones,Accessories,East,Priya Singh,1,2291.79,5,2177.21
2066,2024-12-12,Mobile,Electronics,West,Priya Singh,8,17343.93,10,124876.28
2067,2024-09-18,Laptop,Electronics,East,Sneha Gupta,3,57375.6,5,163520.46
2068,2024-07-08,Speaker,Accessories,East,Amit Sharma,5,2906.95,0,14534.76
2069,2024-08-16,Mobile,Electronics,South,Anjali Rao,15,17799.19,5,253638.5
2070,2024-08-14,Smartwatch,Accessories,South,Anjali Rao,15,5908.6,5,84197.53
2071,2024-03-12,Mobile,Electronics,South,Priya Singh,5,17908.61,10,80588.73
2072,2024-06-20,Mobile,Electronics,West,Amit Sharma,1,17674.06,0,17674.06
2073,2024-07-31,Tablet,Electronics,West,Anjali Rao,10,23123.07,0,231230.72
2074,2024-04-12,Tablet,Electronics,West,Rohit Verma,9,21958.58,0,197627.19
2075,2024-10-26,Smartwatch,Accessories,West,Karan Mehta,12,5956.14,0,71473.71
2076,2024-01-02,Tablet,Electronics,East,Rohit Verma,11,23470.67,5,245268.5
2077,2024-03-04,Smartwatch,Accessories,West,Priya Singh,8,6488.15,15,44119.43
2078,2024-05-05,Laptop,Electronics,North,Rohit Verma,8,60437.66,0,483501.3
2079,2024-11-02,Camera,Electronics,West,Karan Mehta,7,37578.42,15,223591.61
2080,2024-12-17,Monitor,Electronics,North,Rohit Verma,9,12559.1,0,113031.88
2081,2024-05-12,Tablet,Electronics,North,Priya Singh,6,21828.59,15,111325.83
2082,2024-03-10,Camera,Electronics,South,Amit Sharma,5,34028.14,15,144619.61
2083,2024-07-01,Laptop,Electronics,East,Rohit Verma,9,56528.41,0,508755.71
2084,2024-09-20,Headphones,Accessories,South,Amit Sharma,10,2626.31,10,23636.83
2085,2024-06-14,Camera,Electronics,East,Rohit Verma,11,36385.77,0,400243.5
2086,2024-02-19,Camera,Electronics,South,Amit Sharma,3,35127.2,0,105381.59
2087,2024-09-05,Speaker,Accessories,East,Priya Singh,2,2830.73,10,5095.31
2088,2024-04-23,Headphones,Accessories,North,Sneha Gupta,8,2708.02,0,21664.12
2089,2024-03-08,Laptop,Electronics,West,Rohit Verma,5,57101.56,0,285507.79
2090,2024-08-14,Camera,Electronics,South,Anjali Rao,5,31701.32,0,158506.58
2091,2024-04-23,Tablet,Electronics,South,Anjali Rao,4,21152.68,0,84610.74
2092,2024-03-07,Mobile,Electronics,West,Anjali Rao,13,19022.51,0,247292.59
2093,2024-01-10,Monitor,Electronics,West,Amit Sharma,4,11058.76,15,37599.79
2094,2024-09-19,Laptop,Electronics,West,Amit Sharma,15,52283.14,0,784247.06
2095,2024-06-03,Laptop,Electronics,North,Amit Sharma,15,56119.71,10,757616.11
2096,2024-04-12,Tablet,Electronics,East,Amit Sharma,2,20440.45,15,34748.77
2097,2024-05-22,Camera,Electronics,East,Priya Singh,14,35004.44,15,416552.85
2098,2024-11-09,Headphones,Accessories,North,Amit Sharma,14,2539.07,0,35546.94
2099,2024-09-27,Headphones,Accessories,South,Rohit Verma,3,2700.83,10,7292.24
2100,2024-01-03,Mobile,Electronics,South,Karan Mehta,14,18747.92,0,262470.91
2101,2024-12-23,Tablet,Electronics,West,Anjali Rao,2,20595.73,0,41191.47
2102,2024-07-13,Speaker,Accessories,South,Karan Mehta,4,2944.55,0,11778.19
2103,2024-03-04,Monitor,Electronics,North,Karan Mehta,3,11989.96,0,35969.88
2104,2024-12-26,Smartwatch,Accessories,North,Amit Sharma,6,5992.46,5,34157.0
2105,2024-05-25,Monitor,Electronics,East,Anjali Rao,14,11865.49,10,149505.23
2106,2024-07-27,Smartwatch,Accessories,West,Priya Singh,14,5483.53,5,72930.96
2107,2024-12-13,Camera,Electronics,South,Amit Sharma,11,34941.54,0,384356.92
2108,2024-07-21,Monitor,Electronics,North,Amit Sharma,3,11747.55,15,29956.25
2109,2024-10-29,Mobile,Electronics,South,Amit Sharma,6,19710.75,0,118264.48
2110,2024-04-12,Speaker,Accessories,North,Priya Singh,14,2954.82,5,39299.14
2111,2024-05-22,Smartwatch,Accessories,West,Rohit Verma,8,6200.01,5,47120.09
2112,2024-09-05,Smartwatch,Accessories,South,Sneha Gupta,2,5546.63,5,10538.59
2113,2024-09-11,Headphones,Accessories,South,Amit Sharma,2,2618.9,0,5237.8
2114,2024-09-12,Laptop,Electronics,South,Sneha Gupta,10,56971.25,0,569712.48
2115,2024-06-04,Mobile,Electronics,North,Anjali Rao,13,18071.82,5,223186.93
2116,2024-08-26,Headphones,Accessories,East,Anjali Rao,8,2495.13,0,19961.0
2117,2024-10-04,Camera,Electronics,North,Amit Sharma,7,37660.88,0,263626.16
2118,2024-07-15,Monitor,Electronics,East,Sneha Gupta,8,11903.17,0,95225.4
2119,2024-03-31,Smartwatch,Accessories,South,Sneha Gupta,7,5561.39,15,33090.25
2120,2024-07-18,Monitor,Electronics,North,Karan Mehta,11,11977.33,10,118575.56
2121,2024-12-16,Monitor,Electronics,West,Karan Mehta,14,11175.15,0,156452.05
2122,2024-07-19,Smartwatch,Accessories,West,Karan Mehta,7,6140.33,0,42982.29
2123,2024-05-25,Camera,Electronics,North,Amit Sharma,10,31815.83,0,318158.29
2124,2024-06-27,Laptop,Electronics,East,Sneha Gupta,2,54209.63,0,108419.26
2125,2024-07-29,Camera,Electronics,North,Anjali Rao,4,33233.3,15,112993.21
2126,2024-06-08,Mobile,Electronics,North,Rohit Verma,2,17415.34,0,34830.68
2127,2024-10-02,Camera,Electronics,North,Sneha Gupta,11,37543.58,10,371681.44
2128,2024-09-20,Speaker,Accessories,East,Amit Sharma,12,2981.82,0,35781.84
2129,2024-06-11,Speaker,Accessories,West,Rohit Verma,10,2758.64,5,26207.04
2130,2024-02-21,Headphones,Accessories,East,Sneha Gupta,9,2655.73,15,20316.32
2131,2024-06-22,Tablet,Electronics,East,Rohit Verma,7,20687.74,15,123092.04
2132,2024-02-08,Headphones,Accessories,East,Rohit Verma,1,2398.66,10,2158.79
2133,2024-07-24,Headphones,Accessories,North,Anjali Rao,14,2539.1,10,31992.62
2134,2024-06-21,Smartwatch,Accessories,North,Karan Mehta,13,6037.28,5,74560.36
2135,2024-04-17,Camera,Electronics,North,Anjali Rao,14,33612.93,0,470581.01
2136,2024-08-09,Camera,Electronics,South,Sneha Gupta,7,33258.85,10,209530.78
2137,2024-08-20,Tablet,Electronics,North,Anjali Rao,12,22071.39,0,264856.63
2138,2024-10-22,Monitor,Electronics,South,Anjali Rao,14,12581.3,5,167331.28
2139,2024-05-17,Speaker,Accessories,North,Karan Mehta,4,2918.56,0,11674.26
2140,2024-05-03,Tablet,Electronics,East,Sneha Gupta,7,21202.07,0,148414.52
2141,2024-11-20,Headphones,Accessories,West,Rohit Verma,14,2393.52,0,33509.31
2142,2024-05-11,Headphones,Accessories,West,Priya Singh,2,2324.98,0,4649.96
2143,2024-05-05,Smartwatch,Accessories,West,Sneha Gupta,9,6589.55,5,56340.67
2144,2024-11-27,Laptop,Electronics,South,Priya Singh,5,51000.74,0,255003.68
2145,2024-05-22,Tablet,Electronics,North,Anjali Rao,8,23241.83,0,185934.63
2146,2024-02-12,Camera,Electronics,East,Amit Sharma,15,38185.62,0,572784.29
2147,2024-12-09,Mobile,Electronics,West,Anjali Rao,14,16706.02,0,233884.23
2148,2024-10-19,Mobile,Electronics,East,Sneha Gupta,15,16524.9,10,223086.09
2149,2024-03-03,Camera,Electronics,East,Karan Mehta,12,34229.65,15,349142.48
2150,2024-04-30,Speaker,Accessories,South,Priya Singh,2,2805.09,0,5610.19
2151,2024-08-13,Speaker,Accessories,East,Karan Mehta,1,2994.22,0,2994.22
2152,2024-12-24,Mobile,Electronics,East,Karan Mehta,7,17909.47,0,125366.32
2153,2024-05-22,Tablet,Electronics,East,Sneha Gupta,12,21418.05,0,257016.63
2154,2024-01-11,Laptop,Electronics,North,Anjali Rao,15,58176.83,0,872652.45
2155,2024-05-09,Speaker,Accessories,East,Anjali Rao,12,2917.71,15,29760.67
2156,2024-03-03,Headphones,Accessories,West,Sneha Gupta,1,2704.89,5,2569.65
2157,2024-05-10,Smartwatch,Accessories,North,Priya Singh,5,5652.46,0,28262.32
2158,2024-08-12,Camera,Electronics,West,Amit Sharma,5,37565.11,5,178434.28
2159,2024-08-29,Speaker,Accessories,East,Anjali Rao,7,3226.06,0,22582.4
2160,2024-03-23,Smartwatch,Accessories,North,Rohit Verma,7,6122.54,10,38572.0
2161,2024-06-16,Monitor,Electronics,North,Amit Sharma,11,12339.82,15,115377.34
2162,2024-08-15,Tablet,Electronics,North,Sneha Gupta,4,22564.5,0,90258.01
2163,2024-10-21,Mobile,Electronics,North,Priya Singh,4,18058.92,15,61400.32
2164,2024-03-07,Speaker,Accessories,East,Sneha Gupta,8,3224.1,0,25792.83
2165,2024-05-13,Tablet,Electronics,East,Rohit Verma,4,20171.36,0,80685.42
2166,2024-04-03,Speaker,Accessories,West,Karan Mehta,4,2712.44,0,10849.76
2167,2024-10-12,Headphones,Accessories,North,Sneha Gupta,4,2380.89,0,9523.57
2168,2024-01-26,Speaker,Accessories,West,Karan Mehta,5,2789.55,0,13947.75
2169,2024-03-28,Mobile,Electronics,North,Anjali Rao,9,17766.57,5,151904.19
2170,2024-12-10,Monitor,Electronics,North,Priya Singh,12,11287.55,0,135450.59
2171,2024-05-27,Monitor,Electronics,West,Priya Singh,7,12855.21,10,80987.83
2172,2024-04-20,Smartwatch,Accessories,South,Sneha Gupta,3,5890.23,0,17670.69
2173,2024-01-15,Smartwatch,Accessories,East,Priya Singh,10,5941.17,0,59411.72
2174,2024-07-08,Monitor,Electronics,North,Amit Sharma,8,11119.69,0,88957.53
2175,2024-12-20,Speaker,Accessories,South,Anjali Rao,7,3125.07,15,18594.18
2176,2024-11-01,Smartwatch,Accessories,North,Amit Sharma,9,5470.5,0,49234.52
2177,2024-04-30,Monitor,Electronics,East,Karan Mehta,11,13121.3,10,129900.91
2178,2024-12-29,Laptop,Electronics,North,Rohit Verma,9,56316.24,0,506846.13
2179,2024-07-21,Camera,Electronics,South,Karan Mehta,1,35563.41,0,35563.41
2180,2024-03-27,Monitor,Electronics,East,Sneha Gupta,3,11015.16,15,28088.65
2181,2024-09-28,Speaker,Accessories,South,Rohit Verma,2,2887.96,0,5775.92
2182,2024-09-12,Smartwatch,Accessories,East,Sneha Gupta,5,6483.35,0,32416.76
2183,2024-11-09,Smartwatch,Accessories,East,Sneha Gupta,15,5597.98,15,71374.25
2184,2024-09-08,Tablet,Electronics,West,Amit Sharma,4,20453.93,0,81815.73
2185,2024-04-03,Laptop,Electronics,West,Rohit Verma,3,57265.59,5,163206.94
2186,2024-02-29,Monitor,Electronics,North,Sneha Gupta,6,13173.16,10,71135.09
2187,2024-09-05,Monitor,Electronics,West,Amit Sharma,14,12527.43,0,175384.07
2188,2024-03-04,Camera,Electronics,North,Priya Singh,14,33488.82,0,468843.41
2189,2024-09-17,Smartwatch,Accessories,South,Karan Mehta,1,6031.22,10,5428.1
2190,2024-04-02,Speaker,Accessories,North,Priya Singh,13,2998.87,0,38985.26
2191,2024-06-17,Laptop,Electronics,East,Anjali Rao,11,50841.9,0,559260.9
2192,2024-10-29,Mobile,Electronics,East,Priya Singh,1,16491.83,15,14018.05
2193,2024-12-03,Monitor,Electronics,West,Anjali Rao,5,12226.09,0,61130.45
2194,2024-06-17,Laptop,Electronics,West,Rohit Verma,12,60498.03,10,653378.75
2195,2024-03-07,Headphones,Accessories,North,Anjali Rao,5,2411.59,0,12057.93
2196,2024-02-06,Speaker,Accessories,North,Sneha Gupta,5,2806.81,5,13332.33
2197,2024-02-15,Laptop,Electronics,South,Priya Singh,7,58074.42,0,406520.93
2198,2024-11-27,Tablet,Electronics,North,Rohit Verma,8,23324.84,15,158608.92
2199,2024-06-07,Tablet,Electronics,East,Anjali Rao,2,23461.03,10,42229.86
